day,sales
0,7552
1,6391
2,7522
3,1363
4,9033
5,941
6,5746
7,3729
8,2739
9,3903
10,124
11,5238
12,6853
13,6374
14,8266
15,9457
16,7533
17,4490
18,469
19,646
20,7477
21,1494
22,4253
23,1001
24,1440
25,942
26,5302
27,4462
28,7731
29,1226
30,7452
31,3238
32,7510
33,8044
34,436
35,9262
36,7437
37,4161
38,2977
39,194
40,6999
41,4595
42,5370
43,4889
44,2117
45,6072
46,4931
47,3840
48,6672
49,4160
50,4346
51,917
52,743
53,8206
54,4776
55,4435
56,9955
57,5950
58,6191
59,5769
60,8613
61,4758
62,8238
63,4918
64,4447
65,3101
66,2971
67,5228
68,3649
69,7638
70,3055
71,6861
72,7291
73,6508
74,8163
75,7872
76,6521
77,7939
78,4026
79,9367
80,3478
81,2995
82,7382
83,5939
84,3527
85,1387
86,6247
87,5928
88,5217
89,6130
90,592
91,3670
92,7354
93,6118
94,3956
95,9324
96,7407
97,2302
98,5292
99,1239
100,7876
101,2348
102,925
103,8900
104,4721
105,1132
106,6925
107,1273
108,7202
109,6048
110,3560
111,7690
112,9292
113,9963
114,3906
115,3715
116,8323
117,7650
118,6588
119,8834
120,657
121,3245
122,2932
123,4165
124,1606
125,8518
126,4859
127,2910
128,8189
129,4287
130,800
131,8760
132,7920
133,9033
134,8549
135,267
136,7447
137,701
138,2064
139,6301
140,4428
141,3328
142,3568
143,7044
144,3385
145,7427
146,1639
147,6522
148,812
149,4005
150,3585
151,5168
152,6717
153,7218
154,5018
155,5229
156,3974
157,7918
158,1877
159,3497
160,5545
161,813
162,2333
163,4325
164,4733
165,2178
166,5983
167,9908
168,9027
169,3800
170,4823
171,2907
172,4526
173,3104
174,2891
175,4506
176,6413
177,626
178,5108
179,3515
180,7636
181,4294
182,1994
183,8
184,6383
185,2716
186,1795
187,8993
188,7974
189,4085
190,1009
191,6747
192,9655
193,2710
194,744
195,6325
196,5741
197,1782
198,8886
199,4460
200,1026
201,1626
202,9102
203,4552
204,8165
205,4180
206,4285
207,3235
208,1030
209,1944
210,2406
211,8793
212,4442
213,2074
214,1623
215,1733
216,1586
217,1228
218,2108
219,9519
220,4260
221,3932
222,1340
223,1292
224,3999
225,1980
226,1619
227,3351
228,8456
229,6510
230,3259
231,9263
232,3888
233,5906
234,5079
235,4224
236,6324
237,9348
238,1796
239,4250
240,8267
241,6431
242,806
243,7772
244,6328
245,9088
246,2306
247,8664
248,2166
249,4104
250,4157
251,6282
252,9240
253,7242
254,2851
255,1815
256,2480
257,3604
258,592
259,1547
260,444
261,162
262,4516
263,2347
264,273
265,3576
266,5496
267,1739
268,6900
269,7893
270,5117
271,736
272,576
273,5869
274,9747
275,5305
276,1699
277,7382
278,1035
279,5301
280,8665
281,9181
282,1525
283,7799
284,9432
285,5383
286,7189
287,1508
288,9811
289,1058
290,1503
291,8286
292,4628
293,7028
294,9691
295,4648
296,299
297,9545
298,6635
299,4548
300,1642
301,1031
302,1520
303,8888
304,1519
305,2429
306,1549
307,4332
308,6157
309,3814
310,6127
311,3118
312,9012
313,7243
314,7043
315,529
316,1228
317,3519
318,9098
319,1092
320,4703
321,9995
322,8374
323,8190
324,5838
325,4530
326,8592
327,6227
328,6413
329,345
330,9070
331,7965
332,1641
333,9721
334,1830
335,1554
336,5869
337,8770
338,5593
339,533
340,9729
341,9426
342,5405
343,1140
344,4042
345,8347
346,9235
347,1339
348,806
349,5722
350,1986
351,922
352,6613
353,5240
354,3888
355,6752
356,5428
357,218
358,4697
359,7444
360,8405
361,1729
362,5019
363,5679
364,305
365,4028
366,8063
367,684
368,9446
369,4732
370,3516
371,8693
372,4171
373,6000
374,7329
375,8617
376,4607
377,6975
378,194
379,3882
380,4374
381,1134
382,8211
383,3733
384,1545
385,527
386,1989
387,5801
388,6356
389,6413
390,3635
391,1158
392,7982
393,5243
394,7720
395,9953
396,4615
397,7055
398,1181
399,3395
400,7018
401,6645
402,3939
403,3337
404,2596
405,4254
406,5587
407,3843
408,7690
409,4835
410,8456
411,3615
412,2296
413,5891
414,6859
415,6319
416,4995
417,2722
418,4284
419,6768
420,2833
421,1952
422,6665
423,2737
424,9386
425,948
426,9275
427,3041
428,8275
429,6421
430,8464
431,8011
432,8814
433,1876
434,840
435,3673
436,2799
437,2418
438,3164
439,2100
440,8056
441,4550
442,1556
443,3838
444,4110
445,9011
446,6213
447,9921
448,9456
449,9474
450,6245
451,9241
452,3878
453,2606
454,5645
455,2601
456,4264
457,8923
458,4808
459,6010
460,4999
461,5299
462,7570
463,5607
464,9489
465,5710
466,8248
467,7408
468,539
469,5533
470,3065
471,5802
472,7188
473,3609
474,7150
475,6434
476,1152
477,931
478,8407
479,6158
480,4264
481,9251
482,9420
483,3971
484,4935
485,1886
486,1271
487,8913
488,7112
489,7823
490,6864
491,1069
492,6377
493,305
494,6568
495,6573
496,6549
497,4652
498,6089
499,8246
500,8355
501,3434
502,1935
503,5383
504,1869
505,6813
506,1084
507,4845
508,2913
509,5594
510,7147
511,1108
512,854
513,4852
514,3018
515,8841
516,6172
517,2089
518,3851
519,2012
520,3900
521,5797
522,4573
523,2255
524,3134
525,1774
526,4933
527,6461
528,9663
529,2004
530,8153
531,7893
532,2380
533,7595
534,7085
535,8130
536,4990
537,3933
538,6420
539,4217
540,7395
541,113
542,4038
543,1725
544,9288
545,1012
546,9814
547,4496
548,3555
549,9392
550,2741
551,6861
552,1373
553,4300
554,2204
555,4730
556,5213
557,750
558,4745
559,8255
560,7304
561,1090
562,996
563,2875
564,7932
565,617
566,2767
567,8881
568,3327
569,9652
570,7761
571,6439
572,1861
573,3283
574,9661
575,8
576,3773
577,7533
578,7925
579,8191
580,7381
581,5362
582,1284
583,5376
584,7069
585,5206
586,8688
587,7346
588,6559
589,9936
590,4515
591,6437
592,4166
593,3207
594,8196
595,3806
596,1260
597,5325
598,4684
599,5786
600,2156
601,4169
602,7590
603,8616
604,4459
605,1817
606,5444
607,4301
608,3464
609,2721
610,8237
611,2596
612,6585
613,3344
614,3590
615,6282
616,7758
617,8225
618,314
619,5052
620,563
621,2401
622,2602
623,2646
624,3713
625,5617
626,8543
627,859
628,7887
629,6774
630,9111
631,559
632,4359
633,8700
634,1983
635,6591
636,9142
637,6512
638,2133
639,2526
640,3241
641,7150
642,4736
643,4111
644,8475
645,5367
646,2185
647,5381
648,5160
649,6564
650,4460
651,1537
652,4123
653,6074
654,3298
655,696
656,2334
657,5431
658,7872
659,3083
660,3176
661,9804
662,5708
663,1950
664,2327
665,3981
666,9764
667,1438
668,5253
669,1713
670,7969
671,3361
672,7133
673,2168
674,4569
675,2430
676,3866
677,416
678,9071
679,5010
680,572
681,6980
682,6999
683,7295
684,1082
685,9867
686,5956
687,1616
688,4545
689,8448
690,6174
691,2010
692,4621
693,1112
694,7037
695,4558
696,5361
697,7960
698,7407
699,2338
700,5863
701,6455
702,5727
703,4667
704,4547
705,520
706,227
707,6451
708,6080
709,8040
710,5823
711,7444
712,926
713,1509
714,1484
715,2496
716,741
717,3713
718,514
719,361
720,4654
721,4980
722,9577
723,9798
724,2249
725,5764
726,2656
727,380
728,472
729,6346
730,3302
731,1084
732,4933
733,9324
734,4433
735,9619
736,3397
737,6296
738,2285
739,947
740,9336
741,8186
742,8402
743,9905
744,6479
745,9200
746,7875
747,483
748,8106
749,5535
750,1483
751,6931
752,1260
753,1595
754,251
755,2191
756,2943
757,1987
758,4837
759,5068
760,8156
761,3185
762,5945
763,3288
764,6278
765,8954
766,3713
767,3818
768,2080
769,5430
770,385
771,781
772,9899
773,3936
774,6140
775,7638
776,6619
777,5654
778,8275
779,5194
780,8065
781,7708
782,9680
783,7944
784,7477
785,1953
786,4929
787,9034
788,9187
789,429
790,1834
791,5692
792,7554
793,9718
794,5887
795,6022
796,4457
797,9956
798,5502
799,1046
800,4947
801,9342
802,5146
803,2169
804,5879
805,4769
806,8295
807,1799
808,9553
809,5795
810,1376
811,1800
812,6507
813,1911
814,3762
815,9664
816,5942
817,7950
818,9604
819,9188
820,8919
821,3104
822,7021
823,3574
824,737
825,1218
826,4525
827,1748
828,6063
829,9434
830,6680
831,4683
832,2887
833,6054
834,9098
835,7960
836,1722
837,8848
838,4954
839,9057
840,7270
841,2408
842,4874
843,3258
844,5719
845,2645
846,8622
847,5417
848,4961
849,5859
850,8995
851,9393
852,72
853,3003
854,3519
855,8946
856,1761
857,6718
858,5789
859,6537
860,4220
861,5854
862,2692
863,5212
864,4173
865,6399
866,8624
867,5381
868,8576
869,1271
870,9704
871,7997
872,1535
873,6215
874,8376
875,1870
876,4046
877,5001
878,6860
879,9850
880,2276
881,3442
882,3487
883,9281
884,4443
885,1511
886,8629
887,2747
888,2397
889,3936
890,1425
891,6583
892,2671
893,9797
894,2596
895,1058
896,1765
897,4601
898,1135
899,8009
900,5517
901,6196
902,9216
903,5394
904,3712
905,7837
906,8242
907,1386
908,4484
909,6118
910,2707
911,2099
912,3720
913,1938
914,2369
915,5597
916,6592
917,7920
918,9528
919,3747
920,6887
921,2066
922,1242
923,7668
924,4032
925,7346
926,6479
927,1960
928,8033
929,4628
930,1033
931,6119
932,9347
933,7802
934,121
935,4914
936,8958
937,6926
938,7106
939,5252
940,8799
941,3244
942,1678
943,5218
944,1928
945,7912
946,4615
947,5770
948,1146
949,3192
950,7566
951,2660
952,6347
953,8330
954,8549
955,5263
956,4800
957,7479
958,2138
959,9217
960,5724
961,3064
962,2003
963,5742
964,2800
965,3250
966,164
967,8943
968,3362
969,1272
970,9967
971,4401
972,5436
973,6062
974,1875
975,9115
976,404
977,499
978,145
979,7289
980,4152
981,8625
982,870
983,7363
984,3745
985,7230
986,8499
987,2872
988,8095
989,963
990,1347
991,3715
992,5363
993,691
994,6051
995,7914
996,641
997,5151
998,1643
999,2076
1000,545
1001,9252
1002,6943
1003,4105
1004,1637
1005,4182
1006,3376
1007,3022
1008,6965
1009,5280
1010,5247
1011,527
1012,7587
1013,9876
1014,4926
1015,7934
1016,3193
1017,3357
1018,6080
1019,6130
1020,450
1021,2384
1022,7742
1023,6782
1024,2009
1025,4334
1026,2532
1027,7685
1028,1456
1029,7418
1030,38
1031,7001
1032,9133
1033,5713
1034,3560
1035,2061
1036,9649
1037,799
1038,5848
1039,4514
1040,5577
1041,5154
1042,2
1043,2620
1044,8614
1045,8598
1046,6454
1047,1004
1048,9837
1049,1098
1050,9250
1051,2342
1052,9548
1053,4991
1054,9746
1055,9643
1056,7263
1057,5499
1058,4646
1059,518
1060,2312
1061,6213
1062,9299
1063,2553
1064,3465
1065,3586
1066,4539
1067,5677
1068,5797
1069,1108
1070,9706
1071,96
1072,3940
1073,7670
1074,4957
1075,7771
1076,2455
1077,2246
1078,6248
1079,3762
1080,8283
1081,2541
1082,4653
1083,6668
1084,4245
1085,5584
1086,8808
1087,3092
1088,1136
1089,7034
1090,2798
1091,7447
1092,9987
1093,4743
1094,9343
1095,6018
1096,2325
1097,9658
1098,8163
1099,2013
1100,8770
1101,5350
1102,3015
1103,1416
1104,6590
1105,9758
1106,3521
1107,8056
1108,9033
1109,9529
1110,2029
1111,666
1112,1571
1113,8402
1114,6976
1115,5932
1116,8686
1117,1554
1118,2693
1119,3855
1120,6064
1121,6469
1122,4125
1123,1181
1124,8141
1125,8844
1126,4721
1127,5863
1128,8620
1129,9596
1130,5031
1131,1915
1132,18
1133,5126
1134,8626
1135,3180
1136,366
1137,1675
1138,3843
1139,745
1140,9103
1141,5302
1142,6622
1143,7931
1144,7631
1145,7641
1146,6319
1147,1290
1148,602
1149,1780
1150,1392
1151,146
1152,4693
1153,8374
1154,3539
1155,9852
1156,4370
1157,2110
1158,3555
1159,488
1160,8807
1161,6316
1162,25
1163,997
1164,9948
1165,3391
1166,1240
1167,3345
1168,2627
1169,4704
1170,4819
1171,7271
1172,3751
1173,9445
1174,6223
1175,2508
1176,8399
1177,7136
1178,7535
1179,4565
1180,8474
1181,4348
1182,3972
1183,4733
1184,317
1185,1614
1186,5302
1187,2783
1188,9781
1189,7260
1190,1796
1191,5224
1192,6099
1193,4844
1194,8554
1195,7104
1196,6107
1197,4161
1198,336
1199,3491
1200,4385
1201,7470
1202,6336
1203,1329
1204,4387
1205,4934
1206,93
1207,8145
1208,2781
1209,2774
1210,8645
1211,5640
1212,6904
1213,8148
1214,9293
1215,302
1216,7012
1217,1824
1218,7174
1219,9013
1220,6597
1221,9527
1222,2724
1223,5562
1224,4166
1225,8427
1226,8620
1227,6958
1228,2872
1229,5805
1230,922
1231,4492
1232,9553
1233,3406
1234,1563
1235,2311
1236,6234
1237,8678
1238,7711
1239,4459
1240,9969
1241,7102
1242,6972
1243,3726
1244,1493
1245,6494
1246,1192
1247,2866
1248,4781
1249,449
1250,6444
1251,6567
1252,6772
1253,4481
1254,2425
1255,9584
1256,9017
1257,1567
1258,550
1259,2567
1260,7330
1261,3103
1262,329
1263,8660
1264,9889
1265,4746
1266,6813
1267,2516
1268,1185
1269,6802
1270,5372
1271,2525
1272,2640
1273,7079
1274,5115
1275,3815
1276,5642
1277,8319
1278,9424
1279,8744
1280,3559
1281,8644
1282,7011
1283,2796
1284,4538
1285,9229
1286,4270
1287,1009
1288,5270
1289,418
1290,4102
1291,8113
1292,1931
1293,110
1294,7827
1295,4808
1296,3170
1297,9145
1298,8580
1299,2445
1300,8980
1301,9815
1302,2658
1303,2034
1304,5300
1305,149
1306,6060
1307,6881
1308,4129
1309,6960
1310,8980
1311,720
1312,5834
1313,7352
1314,6990
1315,8863
1316,3718
1317,5565
1318,5401
1319,4516
1320,4346
1321,7158
1322,5156
1323,7674
1324,8555
1325,9685
1326,9616
1327,9280
1328,5871
1329,4860
1330,8477
1331,4602
1332,9919
1333,2183
1334,9228
1335,9473
1336,4408
1337,3679
1338,5862
1339,8938
1340,1568
1341,3850
1342,9963
1343,4584
1344,2925
1345,3680
1346,4231
1347,2239
1348,4374
1349,8424
1350,1180
1351,3774
1352,1264
1353,7358
1354,5537
1355,1780
1356,7886
1357,9601
1358,5951
1359,7151
1360,1196
1361,7384
1362,3373
1363,4024
1364,1481
1365,6573
1366,4410
1367,8721
1368,3900
1369,898
1370,715
1371,7444
1372,4269
1373,9172
1374,4131
1375,9887
1376,180
1377,6760
1378,592
1379,9066
1380,706
1381,1379
1382,1640
1383,9945
1384,3740
1385,4018
1386,3858
1387,5372
1388,8369
1389,4092
1390,5731
1391,3849
1392,7166
1393,5214
1394,6414
1395,2650
1396,8302
1397,409
1398,441
1399,5136
1400,122
1401,2700
1402,6252
1403,9264
1404,4975
1405,1988
1406,1996
1407,7946
1408,9331
1409,5829
1410,1926
1411,9417
1412,7451
1413,8209
1414,2551
1415,2150
1416,3194
1417,7881
1418,8186
1419,737
1420,9688
1421,1862
1422,3016
1423,8761
1424,6152
1425,5822
1426,2437
1427,8673
1428,2980
1429,8892
1430,8292
1431,5931
1432,1278
1433,1756
1434,1343
1435,9156
1436,643
1437,359
1438,9803
1439,7879
1440,770
1441,7737
1442,5696
1443,7443
1444,5229
1445,1438
1446,7959
1447,8125
1448,577
1449,3926
1450,7013
1451,3506
1452,8627
1453,6735
1454,9094
1455,5527
1456,94
1457,392
1458,4568
1459,5333
1460,1761
1461,82
1462,7499
1463,1487
1464,2065
1465,3248
1466,3034
1467,8695
1468,6775
1469,722
1470,1856
1471,8211
1472,6664
1473,5129
1474,1061
1475,5868
1476,4760
1477,7953
1478,1692
1479,1156
1480,6364
1481,1620
1482,5928
1483,1506
1484,563
1485,2740
1486,8383
1487,6763
1488,624
1489,3799
1490,2926
1491,4537
1492,6119
1493,6796
1494,3246
1495,1329
1496,5717
1497,2474
1498,5848
1499,1049
1500,6454
1501,4795
1502,2905
1503,9079
1504,2245
1505,8650
1506,7093
1507,4379
1508,3478
1509,9871
1510,1341
1511,3650
1512,5659
1513,7069
1514,6785
1515,3016
1516,9614
1517,5513
1518,7847
1519,4834
1520,1638
1521,9389
1522,2668
1523,6069
1524,7098
1525,3803
1526,1437
1527,4674
1528,897
1529,8100
1530,5682
1531,8279
1532,2243
1533,2616
1534,2866
1535,1700
1536,3003
1537,3937
1538,7466
1539,259
1540,7220
1541,6516
1542,2642
1543,274
1544,1598
1545,9142
1546,3140
1547,6247
1548,7804
1549,7915
1550,6306
1551,9090
1552,8172
1553,5348
1554,6918
1555,1193
1556,2542
1557,740
1558,8826
1559,7333
1560,5484
1561,948
1562,9111
1563,6267
1564,2923
1565,7136
1566,8592
1567,6147
1568,5312
1569,837
1570,3784
1571,4112
1572,2268
1573,6060
1574,5857
1575,814
1576,8248
1577,501
1578,7860
1579,2397
1580,6583
1581,8693
1582,8615
1583,7372
1584,655
1585,7953
1586,3727
1587,8439
1588,4300
1589,2224
1590,2386
1591,969
1592,3837
1593,6239
1594,8330
1595,8183
1596,1715
1597,4234
1598,4827
1599,7552
1600,8234
1601,972
1602,722
1603,8766
1604,4245
1605,5369
1606,9055
1607,9616
1608,4723
1609,5788
1610,6795
1611,4973
1612,3746
1613,993
1614,9417
1615,46
1616,3207
1617,4934
1618,851
1619,7604
1620,9249
1621,9337
1622,7863
1623,3339
1624,1206
1625,1622
1626,3741
1627,6237
1628,7372
1629,63
1630,1131
1631,1973
1632,6736
1633,4737
1634,8856
1635,1086
1636,6952
1637,4103
1638,1123
1639,7609
1640,4697
1641,2139
1642,6516
1643,4916
1644,5679
1645,4541
1646,7141
1647,9039
1648,9623
1649,8513
1650,865
1651,9020
1652,4215
1653,6181
1654,1110
1655,2766
1656,1535
1657,1889
1658,8147
1659,5541
1660,3367
1661,8051
1662,1543
1663,8392
1664,775
1665,7896
1666,4343
1667,9293
1668,8626
1669,7081
1670,1715
1671,7057
1672,5412
1673,4948
1674,6999
1675,893
1676,8137
1677,2877
1678,1714
1679,2850
1680,7597
1681,6816
1682,5363
1683,5907
1684,249
1685,9303
1686,6348
1687,4106
1688,1189
1689,8609
1690,306
1691,8327
1692,222
1693,8881
1694,4065
1695,547
1696,2600
1697,8431
1698,5862
1699,5950
1700,881
1701,6520
1702,1957
1703,4729
1704,6310
1705,6076
1706,7475
1707,5576
1708,7221
1709,1677
1710,3125
1711,2210
1712,2923
1713,8207
1714,1695
1715,2882
1716,7128
1717,266
1718,4682
1719,9029
1720,5290
1721,226
1722,4096
1723,6510
1724,9565
1725,1222
1726,71
1727,5852
1728,4139
1729,7351
1730,9652
1731,4033
1732,3434
1733,4024
1734,8460
1735,556
1736,7226
1737,7380
1738,5796
1739,1652
1740,5932
1741,5888
1742,5193
1743,7271
1744,6716
1745,4018
1746,9686
1747,4935
1748,1032
1749,8331
1750,2086
1751,1123
1752,7854
1753,3251
1754,691
1755,2649
1756,2263
1757,9637
1758,3007
1759,7751
1760,6748
1761,9885
1762,1447
1763,7804
1764,3199
1765,6222
1766,5840
1767,4590
1768,83
1769,7822
1770,7655
1771,150
1772,7127
1773,3157
1774,2961
1775,3123
1776,2932
1777,2807
1778,5138
1779,8897
1780,7030
1781,8324
1782,4231
1783,683
1784,4056
1785,2500
1786,4444
1787,262
1788,1298
1789,8752
1790,516
1791,6527
1792,229
1793,4696
1794,2468
1795,7432
1796,907
1797,4061
1798,3131
1799,7274
1800,4706
1801,3275
1802,4312
1803,5498
1804,7890
1805,4647
1806,1821
1807,2038
1808,6637
1809,2569
1810,4547
1811,5638
1812,8923
1813,4555
1814,6305
1815,2224
1816,9770
1817,3468
1818,9746
1819,3650
1820,5606
1821,36
1822,7629
1823,1307
1824,7392
1825,4363
1826,1997
1827,1925
1828,5517
1829,751
1830,8642
1831,5584
1832,731
1833,6629
1834,4783
1835,3689
1836,3518
1837,7656
1838,1987
1839,2515
1840,3418
1841,3299
1842,8055
1843,671
1844,4359
1845,9069
1846,784
1847,9474
1848,2094
1849,3894
1850,6885
1851,4415
1852,9942
1853,3176
1854,4348
1855,9949
1856,5603
1857,2507
1858,2366
1859,5036
1860,3785
1861,9498
1862,2096
1863,7394
1864,2271
1865,4554
1866,7049
1867,5783
1868,5887
1869,2575
1870,5960
1871,8345
1872,2413
1873,7696
1874,8760
1875,3380
1876,1675
1877,2350
1878,1882
1879,2213
1880,7520
1881,1214
1882,9981
1883,1236
1884,1564
1885,2208
1886,6973
1887,9450
1888,7131
1889,3294
1890,6258
1891,426
1892,2738
1893,5220
1894,7185
1895,5752
1896,9091
1897,5173
1898,444
1899,2518
1900,6443
1901,5485
1902,8606
1903,4981
1904,12
1905,4750
1906,3984
1907,9504
1908,7482
1909,7544
1910,9252
1911,9258
1912,7842
1913,7042
1914,6807
1915,2148
1916,5252
1917,5141
1918,5412
1919,387
1920,5823
1921,9616
1922,5105
1923,1873
1924,3581
1925,1636
1926,9335
1927,2826
1928,3222
1929,6395
1930,5952
1931,7783
1932,297
1933,1583
1934,6537
1935,7492
1936,6328
1937,7146
1938,3709
1939,6246
1940,5687
1941,5641
1942,2596
1943,9447
1944,9512
1945,9393
1946,6766
1947,6732
1948,4580
1949,7587
1950,8516
1951,6490
1952,7637
1953,7305
1954,9783
1955,9901
1956,418
1957,8078
1958,9310
1959,397
1960,8638
1961,4428
1962,8721
1963,452
1964,220
1965,3303
1966,7931
1967,2835
1968,8867
1969,4592
1970,786
1971,2854
1972,8571
1973,1775
1974,1015
1975,7585
1976,9335
1977,9322
1978,927
1979,7251
1980,8069
1981,9854
1982,7681
1983,2526
1984,4532
1985,684
1986,3514
1987,2133
1988,4690
1989,8097
1990,1424
1991,73
1992,4025
1993,6395
1994,926
1995,6431
1996,8765
1997,7936
1998,6596
1999,6918
2000,1357
2001,6143
2002,8833
2003,3020
2004,4976
2005,4838
2006,4257
2007,2196
2008,3735
2009,1774
2010,9855
2011,2662
2012,233
2013,7875
2014,7880
2015,6157
2016,8241
2017,3603
2018,7481
2019,6749
2020,2934
2021,905
2022,2630
2023,7447
2024,186
2025,4175
2026,9224
2027,4713
2028,659
2029,2103
2030,5366
2031,7969
2032,5583
2033,5348
2034,896
2035,9256
2036,7669
2037,1915
2038,5113
2039,5947
2040,9921
2041,7725
2042,5243
2043,4766
2044,6012
2045,3797
2046,3520
2047,9074
2048,6024
2049,6475
2050,5398
2051,8842
2052,6546
2053,6786
2054,2962
2055,4624
2056,1292
2057,6960
2058,9849
2059,2592
2060,7843
2061,9368
2062,4611
2063,4840
2064,5333
2065,9881
2066,9342
2067,9809
2068,7284
2069,2991
2070,4680
2071,2646
2072,5785
2073,288
2074,2407
2075,5710
2076,554
2077,1294
2078,46
2079,8820
2080,6417
2081,5081
2082,5622
2083,414
2084,8592
2085,6080
2086,9896
2087,3117
2088,9905
2089,3154
2090,1149
2091,5040
2092,455
2093,1346
2094,9900
2095,3918
2096,5901
2097,2637
2098,3290
2099,1878
2100,8704
2101,9814
2102,982
2103,9368
2104,6873
2105,4958
2106,2291
2107,4299
2108,6219
2109,7638
2110,3981
2111,7039
2112,1008
2113,3885
2114,2414
2115,2593
2116,1297
2117,8130
2118,4926
2119,6528
2120,4293
2121,2866
2122,2859
2123,7462
2124,4750
2125,8657
2126,7332
2127,7414
2128,909
2129,7549
2130,6436
2131,4620
2132,1215
2133,1313
2134,4115
2135,8922
2136,2931
2137,7348
2138,7758
2139,8500
2140,5957
2141,2758
2142,5263
2143,2087
2144,5425
2145,762
2146,8079
2147,9179
2148,7450
2149,5415
2150,9315
2151,5037
2152,5432
2153,1169
2154,2251
2155,9213
2156,6373
2157,8538
2158,5137
2159,747
2160,9790
2161,3757
2162,5036
2163,8118
2164,9460
2165,9567
2166,8734
2167,5491
2168,6080
2169,2750
2170,9195
2171,2377
2172,4050
2173,8294
2174,895
2175,7086
2176,7058
2177,4021
2178,6805
2179,7143
2180,4028
2181,7983
2182,7190
2183,5265
2184,452
2185,4814
2186,9842
2187,2921
2188,2486
2189,4834
2190,9701
2191,4603
2192,2336
2193,6035
2194,788
2195,3061
2196,8535
2197,1396
2198,5729
2199,8447
2200,7628
2201,6823
2202,5526
2203,5297
2204,908
2205,2564
2206,8752
2207,7252
2208,816
2209,7000
2210,136
2211,4255
2212,6372
2213,9745
2214,6180
2215,1016
2216,8488
2217,9975
2218,7854
2219,4173
2220,8302
2221,7935
2222,1501
2223,6024
2224,7030
2225,9919
2226,9853
2227,3799
2228,4784
2229,9937
2230,8027
2231,1504
2232,602
2233,8948
2234,7423
2235,9541
2236,8408
2237,4699
2238,9257
2239,7714
2240,7703
2241,1409
2242,7276
2243,8238
2244,1241
2245,9513
2246,7511
2247,4748
2248,4539
2249,3612
2250,9397
2251,1549
2252,7339
2253,9532
2254,3799
2255,8026
2256,5085
2257,2460
2258,5563
2259,7580
2260,457
2261,5248
2262,5149
2263,5531
2264,639
2265,2599
2266,3810
2267,9528
2268,1682
2269,3231
2270,761
2271,8423
2272,6767
2273,382
2274,7645
2275,3034
2276,3138
2277,2607
2278,7496
2279,7432
2280,7800
2281,3014
2282,211
2283,815
2284,1907
2285,5701
2286,2956
2287,4625
2288,9125
2289,464
2290,6547
2291,8501
2292,5163
2293,5850
2294,9226
2295,5591
2296,2068
2297,9995
2298,7642
2299,2369
2300,8312
2301,9932
2302,7686
2303,6016
2304,36
2305,9067
2306,4293
2307,4997
2308,3646
2309,9279
2310,3870
2311,8348
2312,6410
2313,3468
2314,9574
2315,7532
2316,1700
2317,4252
2318,7477
2319,3450
2320,5191
2321,6931
2322,9856
2323,3203
2324,3376
2325,5423
2326,2961
2327,4252
2328,6723
2329,8779
2330,5703
2331,2947
2332,682
2333,2403
2334,6279
2335,3574
2336,5014
2337,72
2338,4347
2339,5202
2340,5906
2341,8553
2342,4484
2343,9090
2344,2285
2345,6980
2346,6845
2347,2154
2348,2343
2349,8288
2350,264
2351,5224
2352,5605
2353,955
2354,1631
2355,2499
2356,4814
2357,9452
2358,6246
2359,7896
2360,8158
2361,7033
2362,5546
2363,2008
2364,927
2365,1759
2366,67
2367,1595
2368,2923
2369,2193
2370,7550
2371,2803
2372,4072
2373,5152
2374,5026
2375,9552
2376,6608
2377,5114
2378,8708
2379,650
2380,6892
2381,704
2382,5626
2383,5301
2384,8158
2385,4056
2386,3163
2387,3166
2388,8278
2389,5178
2390,9564
2391,6620
2392,7319
2393,6786
2394,7998
2395,9358
2396,7156
2397,5325
2398,9591
2399,4368
2400,2358
2401,2862
2402,5994
2403,3125
2404,736
2405,7937
2406,2557
2407,174
2408,9764
2409,6852
2410,6089
2411,1913
2412,343
2413,6856
2414,556
2415,7348
2416,1415
2417,2081
2418,7069
2419,5163
2420,1418
2421,3319
2422,4164
2423,6695
2424,8030
2425,8312
2426,9850
2427,8224
2428,3767
2429,1599
2430,7515
2431,823
2432,810
2433,4242
2434,9112
2435,833
2436,1565
2437,2648
2438,7996
2439,5391
2440,7138
2441,4344
2442,5843
2443,4211
2444,1285
2445,9584
2446,7708
2447,6789
2448,2877
2449,4060
2450,7189
2451,5685
2452,9664
2453,4758
2454,4879
2455,5175
2456,85
2457,4979
2458,2895
2459,1939
2460,9862
2461,9615
2462,672
2463,2855
2464,7185
2465,5672
2466,9954
2467,250
2468,4557
2469,2987
2470,8478
2471,7678
2472,6627
2473,4105
2474,5627
2475,8265
2476,5766
2477,8579
2478,7811
2479,1612
2480,7702
2481,6759
2482,2944
2483,4220
2484,2524
2485,2331
2486,7573
2487,4954
2488,9608
2489,1332
2490,4546
2491,3823
2492,5022
2493,6430
2494,2273
2495,1524
2496,5786
2497,2442
2498,7066
2499,5811
2500,8121
2501,7247
2502,9221
2503,5834
2504,5856
2505,4839
2506,3
2507,2626
2508,6174
2509,4394
2510,6190
2511,7728
2512,7256
2513,9919
2514,3383
2515,616
2516,8415
2517,2127
2518,451
2519,3765
2520,8807
2521,8367
2522,3804
2523,7757
2524,2571
2525,8673
2526,7187
2527,1448
2528,8850
2529,7377
2530,4783
2531,2565
2532,8968
2533,8706
2534,8504
2535,9013
2536,6735
2537,3920
2538,6705
2539,8621
2540,3066
2541,8918
2542,5769
2543,8288
2544,8792
2545,6039
2546,1062
2547,444
2548,8065
2549,4540
2550,3818
2551,5352
2552,7446
2553,6351
2554,3504
2555,6942
2556,8535
2557,6465
2558,5115
2559,4375
2560,4685
2561,2222
2562,111
2563,2001
2564,7676
2565,1399
2566,1757
2567,4299
2568,8538
2569,2962
2570,5026
2571,5541
2572,5281
2573,4252
2574,3980
2575,2526
2576,933
2577,2376
2578,62
2579,9298
2580,6232
2581,9024
2582,1999
2583,7082
2584,8771
2585,7892
2586,1558
2587,8301
2588,519
2589,8835
2590,4197
2591,3232
2592,9205
2593,9011
2594,3107
2595,9820
2596,860
2597,9008
2598,5686
2599,3353
2600,4326
2601,6302
2602,54
2603,5736
2604,7991
2605,2205
2606,5024
2607,6136
2608,185
2609,1629
2610,6099
2611,5103
2612,7864
2613,3794
2614,1016
2615,1019
2616,6383
2617,6230
2618,6603
2619,3654
2620,3347
2621,7941
2622,7486
2623,7977
2624,7513
2625,6929
2626,7317
2627,9248
2628,8640
2629,5145
2630,413
2631,4108
2632,2036
2633,5765
2634,5284
2635,1616
2636,6008
2637,2766
2638,7717
2639,7523
2640,412
2641,2693
2642,3040
2643,6420
2644,8749
2645,1264
2646,8792
2647,3759
2648,8759
2649,9902
2650,7030
2651,3424
2652,5529
2653,2925
2654,7273
2655,6559
2656,5151
2657,7906
2658,4549
2659,6108
2660,6360
2661,3671
2662,6075
2663,6312
2664,8788
2665,1033
2666,7672
2667,3666
2668,9107
2669,6683
2670,100
2671,1718
2672,2359
2673,4742
2674,5690
2675,8692
2676,8766
2677,3397
2678,5277
2679,253
2680,8320
2681,4078
2682,503
2683,8877
2684,4016
2685,7847
2686,8078
2687,2134
2688,3805
2689,9809
2690,3845
2691,6950
2692,6448
2693,9332
2694,7476
2695,7972
2696,201
2697,5543
2698,5737
2699,4919
2700,9838
2701,6614
2702,7360
2703,9765
2704,6484
2705,4206
2706,9845
2707,3727
2708,8681
2709,3145
2710,1121
2711,4105
2712,8731
2713,1454
2714,1331
2715,299
2716,7530
2717,2044
2718,8426
2719,367
2720,3174
2721,8983
2722,7460
2723,1218
2724,1600
2725,3992
2726,9007
2727,6713
2728,9825
2729,429
2730,1940
2731,9969
2732,1463
2733,1977
2734,3661
2735,8596
2736,4551
2737,2150
2738,6185
2739,3990
2740,976
2741,8825
2742,3139
2743,794
2744,5360
2745,8989
2746,8193
2747,6511
2748,1458
2749,9128
2750,8763
2751,9947
2752,3666
2753,9642
2754,2179
2755,575
2756,5073
2757,4313
2758,4234
2759,584
2760,3832
2761,437
2762,5455
2763,4533
2764,9004
2765,4661
2766,6592
2767,8663
2768,2784
2769,7143
2770,4242
2771,1994
2772,5084
2773,5245
2774,8616
2775,3925
2776,9274
2777,6232
2778,1521
2779,6919
2780,8818
2781,3164
2782,1274
2783,8074
2784,6570
2785,4775
2786,6613
2787,2675
2788,8757
2789,5766
2790,8649
2791,6827
2792,7354
2793,1072
2794,8250
2795,6594
2796,9633
2797,6480
2798,9008
2799,572
2800,2112
2801,3095
2802,2397
2803,1145
2804,1561
2805,9634
2806,4183
2807,1186
2808,6491
2809,3913
2810,3936
2811,3885
2812,6207
2813,4923
2814,7076
2815,2957
2816,6170
2817,577
2818,1115
2819,7713
2820,2590
2821,8382
2822,3149
2823,8723
2824,4363
2825,6846
2826,7127
2827,2771
2828,737
2829,6356
2830,5573
2831,896
2832,5025
2833,1097
2834,8226
2835,940
2836,123
2837,2772
2838,6059
2839,4439
2840,1834
2841,3369
2842,6553
2843,8607
2844,5979
2845,24
2846,6711
2847,8873
2848,2587
2849,6334
2850,1682
2851,9670
2852,9717
2853,2249
2854,7582
2855,5746
2856,333
2857,4957
2858,2952
2859,4517
2860,7561
2861,6571
2862,531
2863,7845
2864,7837
2865,9148
2866,451
2867,483
2868,6711
2869,1984
2870,3245
2871,1485
2872,731
2873,8593
2874,4264
2875,6692
2876,4445
2877,7934
2878,7597
2879,5294
2880,4213
2881,8639
2882,8113
2883,7919
2884,6083
2885,6290
2886,3727
2887,6874
2888,1133
2889,4572
2890,5803
2891,3502
2892,6454
2893,7419
2894,87
2895,5394
2896,1572
2897,3455
2898,9197
2899,6404
2900,7750
2901,5063
2902,6351
2903,2640
2904,8187
2905,1964
2906,7574
2907,3252
2908,1879
2909,5897
2910,9935
2911,3725
2912,7004
2913,417
2914,2713
2915,6516
2916,6378
2917,7189
2918,5302
2919,7308
2920,7827
2921,7580
2922,4919
2923,1396
2924,3687
2925,1048
2926,2355
2927,7413
2928,4017
2929,1945
2930,281
2931,1105
2932,6950
2933,2188
2934,8649
2935,2548
2936,2673
2937,8980
2938,8365
2939,3651
2940,4092
2941,3577
2942,7229
2943,2444
2944,8647
2945,8700
2946,2514
2947,4244
2948,7802
2949,666
2950,4835
2951,9705
2952,2258
2953,4086
2954,9909
2955,2370
2956,5531
2957,286
2958,8429
2959,9277
2960,3771
2961,1341
2962,5933
2963,2935
2964,2956
2965,7952
2966,4066
2967,7012
2968,8296
2969,9825
2970,1019
2971,1498
2972,618
2973,185
2974,5149
2975,2145
2976,93
2977,6336
2978,4336
2979,8748
2980,9944
2981,4451
2982,242
2983,2678
2984,7816
2985,6153
2986,394
2987,9452
2988,8553
2989,5092
2990,1300
2991,8941
2992,9333
2993,2555
2994,3157
2995,5601
2996,2011
2997,2897
2998,4022
2999,2578
3000,1540
3001,2211
3002,768
3003,845
3004,7217
3005,1479
3006,5101
3007,4269
3008,1628
3009,8203
3010,1149
3011,7414
3012,7987
3013,3808
3014,637
3015,7785
3016,5474
3017,2580
3018,5427
3019,1400
3020,9899
3021,7264
3022,3441
3023,4412
3024,7211
3025,8093
3026,1555
3027,7196
3028,629
3029,6349
3030,4597
3031,3407
3032,4746
3033,5983
3034,76
3035,4205
3036,5476
3037,1983
3038,5942
3039,4547
3040,7253
3041,1965
3042,5043
3043,5161
3044,6556
3045,8568
3046,2972
3047,8484
3048,3622
3049,6679
3050,2244
3051,2480
3052,4814
3053,5757
3054,8447
3055,4924
3056,1737
3057,6462
3058,4342
3059,6049
3060,3363
3061,9414
3062,986
3063,815
3064,8272
3065,4595
3066,3353
3067,442
3068,7847
3069,9043
3070,1451
3071,7928
3072,2278
3073,596
3074,7662
3075,7516
3076,308
3077,5887
3078,7386
3079,1400
3080,7104
3081,2389
3082,9478
3083,9077
3084,8165
3085,9852
3086,9452
3087,4317
3088,9895
3089,1937
3090,3200
3091,8141
3092,9381
3093,3622
3094,6846
3095,6122
3096,5598
3097,3204
3098,4064
3099,6972
3100,5395
3101,2100
3102,1955
3103,9930
3104,7695
3105,1847
3106,2361
3107,5238
3108,7076
3109,1988
3110,4999
3111,2136
3112,1606
3113,2143
3114,6750
3115,3270
3116,219
3117,223
3118,5671
3119,3689
3120,1105
3121,3763
3122,9385
3123,2706
3124,9535
3125,2214
3126,5063
3127,2063
3128,4828
3129,6425
3130,1
3131,1144
3132,4156
3133,5700
3134,9854
3135,5966
3136,2883
3137,7569
3138,1132
3139,4084
3140,6365
3141,1869
3142,9180
3143,6681
3144,1342
3145,2199
3146,400
3147,2605
3148,4788
3149,6609
3150,2845
3151,6574
3152,8799
3153,2044
3154,7335
3155,393
3156,6360
3157,2069
3158,8850
3159,8663
3160,7514
3161,8921
3162,3339
3163,8463
3164,9724
3165,4386
3166,3051
3167,6630
3168,6090
3169,5156
3170,910
3171,4374
3172,6008
3173,5045
3174,7282
3175,2457
3176,5846
3177,4438
3178,3987
3179,9579
3180,4477
3181,3680
3182,893
3183,880
3184,5548
3185,883
3186,7681
3187,3434
3188,7376
3189,2581
3190,1570
3191,4721
3192,6868
3193,5250
3194,5160
3195,9801
3196,2606
3197,5510
3198,3286
3199,6818
3200,8287
3201,2139
3202,8282
3203,7217
3204,5805
3205,506
3206,7643
3207,3791
3208,7417
3209,8260
3210,984
3211,8219
3212,6840
3213,2831
3214,8517
3215,9584
3216,6049
3217,5328
3218,4822
3219,7797
3220,5944
3221,6136
3222,9655
3223,680
3224,2936
3225,5819
3226,2218
3227,8154
3228,2794
3229,6415
3230,7712
3231,4335
3232,3563
3233,6196
3234,1843
3235,987
3236,5821
3237,7515
3238,1567
3239,8689
3240,7348
3241,9009
3242,161
3243,5882
3244,3597
3245,1795
3246,2996
3247,8988
3248,634
3249,2730
3250,4936
3251,7535
3252,6026
3253,3147
3254,7781
3255,2932
3256,1175
3257,9553
3258,2745
3259,7497
3260,571
3261,8663
3262,5847
3263,6021
3264,2931
3265,2662
3266,1094
3267,9961
3268,1221
3269,6363
3270,8387
3271,3918
3272,8160
3273,5963
3274,3334
3275,8369
3276,9551
3277,7197
3278,288
3279,6334
3280,2158
3281,9518
3282,4454
3283,1382
3284,5596
3285,7560
3286,3218
3287,1630
3288,9902
3289,5398
3290,1292
3291,7028
3292,3379
3293,9743
3294,7110
3295,3155
3296,8473
3297,4905
3298,9482
3299,1647
3300,6616
3301,3140
3302,7110
3303,2586
3304,8413
3305,6357
3306,9779
3307,5884
3308,4754
3309,2312
3310,6603
3311,5994
3312,6373
3313,7409
3314,9353
3315,5866
3316,3315
3317,4152
3318,9329
3319,6945
3320,1864
3321,3312
3322,5554
3323,7125
3324,8863
3325,4559
3326,2888
3327,5797
3328,9066
3329,3419
3330,6010
3331,4588
3332,3681
3333,3493
3334,7933
3335,4794
3336,8476
3337,1181
3338,1276
3339,7826
3340,2757
3341,6825
3342,8904
3343,6772
3344,9788
3345,9919
3346,8306
3347,8967
3348,6661
3349,1538
3350,2539
3351,1631
3352,791
3353,1101
3354,1900
3355,5314
3356,9611
3357,2967
3358,601
3359,3310
3360,8547
3361,2958
3362,5647
3363,6884
3364,9865
3365,3551
3366,1393
3367,3635
3368,6282
3369,8730
3370,4674
3371,1713
3372,7610
3373,7961
3374,5140
3375,6997
3376,2535
3377,60
3378,4258
3379,8204
3380,3580
3381,3557
3382,647
3383,679
3384,4399
3385,4521
3386,4879
3387,5431
3388,415
3389,9023
3390,3975
3391,2903
3392,8389
3393,2057
3394,6487
3395,8186
3396,9103
3397,4975
3398,3685
3399,7340
3400,435
3401,562
3402,5249
3403,4723
3404,826
3405,6883
3406,485
3407,2969
3408,8222
3409,1015
3410,2060
3411,8578
3412,4195
3413,4539
3414,5550
3415,404
3416,3334
3417,4775
3418,6898
3419,409
3420,7545
3421,5926
3422,6776
3423,5230
3424,6137
3425,313
3426,2268
3427,1963
3428,1300
3429,2895
3430,5625
3431,8857
3432,598
3433,3694
3434,5605
3435,4977
3436,8099
3437,9874
3438,1560
3439,7398
3440,1120
3441,237
3442,2752
3443,5623
3444,6435
3445,8816
3446,6158
3447,9
3448,7683
3449,5234
3450,3284
3451,1581
3452,775
3453,1801
3454,6553
3455,1883
3456,3307
3457,6367
3458,5547
3459,1351
3460,3505
3461,3662
3462,5834
3463,7356
3464,9241
3465,2224
3466,2534
3467,7587
3468,8830
3469,28
3470,7981
3471,3502
3472,5181
3473,4093
3474,4523
3475,8216
3476,4967
3477,7697
3478,9287
3479,338
3480,9713
3481,2888
3482,3539
3483,2468
3484,7039
3485,6127
3486,7634
3487,4902
3488,4141
3489,9519
3490,4765
3491,2096
3492,3331
3493,5873
3494,4569
3495,744
3496,8968
3497,3882
3498,8151
3499,8363
3500,4440
3501,5617
3502,1513
3503,6774
3504,7161
3505,5917
3506,389
3507,1261
3508,2190
3509,1328
3510,8892
3511,2732
3512,2063
3513,3242
3514,2276
3515,8317
3516,1814
3517,2163
3518,9992
3519,2961
3520,227
3521,7798
3522,8594
3523,66
3524,7624
3525,9250
3526,5454
3527,2194
3528,7318
3529,344
3530,8726
3531,6738
3532,617
3533,3061
3534,4378
3535,7741
3536,5608
3537,6459
3538,1126
3539,6358
3540,1223
3541,3515
3542,4241
3543,7497
3544,3312
3545,3384
3546,7873
3547,9403
3548,4980
3549,6559
3550,936
3551,5944
3552,6076
3553,9769
3554,8952
3555,4909
3556,9967
3557,8024
3558,9621
3559,9002
3560,3113
3561,3316
3562,3649
3563,9757
3564,8204
3565,8281
3566,3501
3567,2164
3568,1190
3569,8288
3570,3087
3571,6302
3572,2490
3573,5054
3574,4305
3575,8713
3576,3544
3577,1110
3578,9533
3579,6382
3580,2808
3581,5539
3582,117
3583,8926
3584,3377
3585,3644
3586,5023
3587,3097
3588,936
3589,8457
3590,7199
3591,2494
3592,9681
3593,1727
3594,4296
3595,3666
3596,1591
3597,7817
3598,8443
3599,4833
3600,2321
3601,5458
3602,8766
3603,6618
3604,4971
3605,5083
3606,920
3607,9201
3608,4393
3609,4060
3610,442
3611,7707
3612,6157
3613,1295
3614,5758
3615,5998
3616,4359
3617,1348
3618,8659
3619,3001
3620,7945
3621,7601
3622,7858
3623,3088
3624,3235
3625,3933
3626,69
3627,6177
3628,2970
3629,3322
3630,9455
3631,8010
3632,5155
3633,6610
3634,1749
3635,1818
3636,1173
3637,4324
3638,9622
3639,9260
3640,1591
3641,1988
3642,8795
3643,8237
3644,4219
3645,4816
3646,6523
3647,1553
3648,981
3649,3668
3650,5200
3651,6397
3652,6796
3653,5176
3654,8195
3655,7281
3656,4166
3657,2243
3658,6135
3659,4237
3660,2435
3661,5865
3662,736
3663,9373
3664,7162
3665,184
3666,4495
3667,9384
3668,3761
3669,1951
3670,2432
3671,2625
3672,1268
3673,4520
3674,4670
3675,923
3676,4464
3677,1007
3678,6713
3679,4596
3680,8290
3681,5844
3682,8938
3683,2219
3684,5217
3685,1005
3686,8829
3687,9282
3688,7116
3689,3353
3690,947
3691,951
3692,1474
3693,9930
3694,7509
3695,2555
3696,179
3697,5556
3698,5245
3699,7867
3700,2313
3701,297
3702,7602
3703,6978
3704,1998
3705,4555
3706,2771
3707,7912
3708,9814
3709,2604
3710,9532
3711,9050
3712,5334
3713,2451
3714,6312
3715,8126
3716,7316
3717,6439
3718,660
3719,1677
3720,3712
3721,264
3722,6977
3723,4192
3724,350
3725,24
3726,5746
3727,1925
3728,7333
3729,8561
3730,1431
3731,9077
3732,4269
3733,9492
3734,6508
3735,8745
3736,5500
3737,9100
3738,8609
3739,8800
3740,3490
3741,7463
3742,4631
3743,726
3744,2661
3745,670
3746,7292
3747,5643
3748,7294
3749,5371
3750,3632
3751,2188
3752,8454
3753,5197
3754,5604
3755,6243
3756,3225
3757,2253
3758,5098
3759,3383
3760,1207
3761,7414
3762,7562
3763,6723
3764,2226
3765,1317
3766,2549
3767,5211
3768,3026
3769,6717
3770,2856
3771,7653
3772,560
3773,9411
3774,2423
3775,7473
3776,6770
3777,3639
3778,9283
3779,6075
3780,975
3781,5146
3782,6662
3783,829
3784,9036
3785,1088
3786,5342
3787,7006
3788,1218
3789,5148
3790,1166
3791,28
3792,6950
3793,9457
3794,9155
3795,6059
3796,5774
3797,9469
3798,2948
3799,8098
3800,186
3801,2020
3802,1328
3803,6591
3804,7846
3805,9417
3806,7989
3807,7831
3808,8726
3809,3067
3810,3095
3811,5345
3812,4806
3813,8882
3814,5685
3815,7744
3816,2817
3817,8912
3818,4855
3819,4304
3820,3699
3821,9626
3822,6327
3823,5204
3824,3088
3825,1887
3826,7664
3827,7038
3828,4488
3829,8630
3830,3053
3831,6860
3832,9521
3833,7051
3834,385
3835,1255
3836,4069
3837,5934
3838,6521
3839,3649
3840,7116
3841,9386
3842,6752
3843,142
3844,8589
3845,7202
3846,8946
3847,6299
3848,5228
3849,9322
3850,3399
3851,9974
3852,8086
3853,2278
3854,6532
3855,8472
3856,658
3857,2073
3858,4453
3859,4709
3860,708
3861,9203
3862,5672
3863,5178
3864,4038
3865,5107
3866,2381
3867,2657
3868,7603
3869,4616
3870,3975
3871,8957
3872,5895
3873,3909
3874,2268
3875,1254
3876,6993
3877,1891
3878,729
3879,2699
3880,5624
3881,4194
3882,9581
3883,3030
3884,8133
3885,4812
3886,3674
3887,2604
3888,2907
3889,5637
3890,1304
3891,2048
3892,3207
3893,9638
3894,3306
3895,4442
3896,4622
3897,7669
3898,66
3899,6121
3900,1922
3901,8854
3902,2770
3903,5804
3904,4427
3905,7697
3906,306
3907,7724
3908,9685
3909,1898
3910,3793
3911,661
3912,4916
3913,1933
3914,8781
3915,1061
3916,5117
3917,777
3918,6538
3919,1984
3920,8269
3921,9084
3922,6795
3923,9358
3924,3632
3925,4826
3926,3574
3927,1999
3928,8758
3929,4299
3930,5241
3931,5500
3932,4353
3933,2223
3934,8055
3935,3286
3936,919
3937,3694
3938,2851
3939,1162
3940,3485
3941,5178
3942,3345
3943,8732
3944,4135
3945,6296
3946,8135
3947,972
3948,5630
3949,17
3950,882
3951,5596
3952,2282
3953,5445
3954,6418
3955,3484
3956,3232
3957,3506
3958,4086
3959,8680
3960,9658
3961,5957
3962,6032
3963,5156
3964,4999
3965,3372
3966,7882
3967,9025
3968,3566
3969,318
3970,2654
3971,9958
3972,44
3973,6776
3974,2968
3975,3851
3976,1616
3977,5623
3978,8366
3979,4990
3980,735
3981,6500
3982,260
3983,6432
3984,2222
3985,4450
3986,3863
3987,4261
3988,1865
3989,6633
3990,5246
3991,4253
3992,3556
3993,87
3994,9135
3995,1914
3996,8627
3997,5020
3998,9749
3999,7411
4000,7773
4001,9659
4002,9922
4003,6367
4004,1325
4005,436
4006,7662
4007,4331
4008,4435
4009,5005
4010,9621
4011,4777
4012,3103
4013,3368
4014,8862
4015,6446
4016,8826
4017,8732
4018,6394
4019,1272
4020,7261
4021,7667
4022,2257
4023,6453
4024,489
4025,1606
4026,6909
4027,1393
4028,7064
4029,4401
4030,9421
4031,2433
4032,4839
4033,698
4034,9287
4035,944
4036,9092
4037,8774
4038,2993
4039,2784
4040,3995
4041,3393
4042,6909
4043,2595
4044,1144
4045,5178
4046,7582
4047,8218
4048,6658
4049,5616
4050,7873
4051,6034
4052,7141
4053,2083
4054,8009
4055,9300
4056,1392
4057,9009
4058,431
4059,7790
4060,9432
4061,9024
4062,8059
4063,5271
4064,7189
4065,6979
4066,9077
4067,2993
4068,6657
4069,8256
4070,1069
4071,9303
4072,8066
4073,9894
4074,2592
4075,2384
4076,7367
4077,8155
4078,1057
4079,5231
4080,769
4081,6425
4082,220
4083,8905
4084,7760
4085,2275
4086,1503
4087,1532
4088,6355
4089,137
4090,5186
4091,2130
4092,3654
4093,2250
4094,6383
4095,6436
4096,8173
4097,2325
4098,7669
4099,8697
4100,6166
4101,5014
4102,7533
4103,7239
4104,4821
4105,5203
4106,3493
4107,2562
4108,6341
4109,8703
4110,351
4111,3619
4112,8641
4113,2562
4114,6731
4115,3691
4116,1510
4117,24
4118,455
4119,6858
4120,1290
4121,6868
4122,1008
4123,1793
4124,1206
4125,7454
4126,4741
4127,7835
4128,3906
4129,7339
4130,7661
4131,9037
4132,6008
4133,9323
4134,2347
4135,7170
4136,4944
4137,2717
4138,7590
4139,2014
4140,9311
4141,4597
4142,7754
4143,8857
4144,3467
4145,6904
4146,2705
4147,7305
4148,4206
4149,7152
4150,3503
4151,9287
4152,9415
4153,4800
4154,5982
4155,4046
4156,5306
4157,2708
4158,5632
4159,3126
4160,3861
4161,4785
4162,974
4163,2690
4164,4462
4165,7078
4166,9641
4167,9004
4168,7671
4169,556
4170,6502
4171,5579
4172,5435
4173,3765
4174,2032
4175,1939
4176,8386
4177,2161
4178,6655
4179,3167
4180,979
4181,1085
4182,5094
4183,6683
4184,5279
4185,6559
4186,7617
4187,8224
4188,2896
4189,9432
4190,1213
4191,5090
4192,6256
4193,5937
4194,373
4195,8814
4196,8448
4197,1533
4198,588
4199,8052
4200,4137
4201,1845
4202,50
4203,8178
4204,2607
4205,7918
4206,2805
4207,9994
4208,8160
4209,7776
4210,9351
4211,872
4212,8873
4213,5316
4214,1507
4215,7691
4216,172
4217,8066
4218,4267
4219,3817
4220,2948
4221,8617
4222,7260
4223,6379
4224,7875
4225,1880
4226,2469
4227,778
4228,1832
4229,9794
4230,2568
4231,998
4232,2179
4233,1846
4234,5164
4235,1744
4236,4471
4237,6322
4238,6163
4239,5928
4240,1298
4241,8270
4242,6344
4243,6056
4244,2070
4245,8375
4246,5605
4247,8142
4248,454
4249,1093
4250,879
4251,211
4252,5709
4253,7129
4254,3335
4255,8618
4256,3705
4257,1656
4258,1033
4259,9384
4260,1778
4261,7946
4262,4504
4263,4932
4264,7926
4265,5716
4266,1119
4267,7378
4268,3912
4269,4868
4270,8774
4271,2967
4272,2100
4273,2537
4274,2027
4275,1360
4276,3354
4277,4910
4278,1492
4279,5651
4280,8629
4281,1647
4282,720
4283,7073
4284,5306
4285,4347
4286,1503
4287,6037
4288,8547
4289,6950
4290,4044
4291,3943
4292,7098
4293,8993
4294,1558
4295,6641
4296,6374
4297,7400
4298,3489
4299,8556
4300,6921
4301,7978
4302,5326
4303,635
4304,1543
4305,1925
4306,7814
4307,2170
4308,9143
4309,9734
4310,4456
4311,7420
4312,5315
4313,1348
4314,2536
4315,3569
4316,6249
4317,7667
4318,8790
4319,926
4320,4047
4321,8727
4322,2022
4323,5371
4324,4602
4325,9526
4326,7978
4327,2549
4328,8956
4329,5085
4330,236
4331,753
4332,6783
4333,9315
4334,1767
4335,4122
4336,7545
4337,5130
4338,4830
4339,9293
4340,9417
4341,4455
4342,741
4343,8179
4344,8559
4345,5817
4346,4002
4347,6667
4348,794
4349,993
4350,581
4351,8170
4352,2195
4353,2539
4354,7131
4355,9460
4356,9351
4357,9813
4358,5644
4359,406
4360,3604
4361,8109
4362,7116
4363,7516
4364,1517
4365,9861
4366,8812
4367,5753
4368,4182
4369,1932
4370,3553
4371,5685
4372,2526
4373,859
4374,6855
4375,264
4376,9992
4377,7113
4378,4270
4379,1926
4380,1783
4381,2922
4382,1702
4383,3363
4384,2849
4385,6329
4386,1272
4387,4196
4388,8367
4389,5516
4390,1169
4391,266
4392,6970
4393,725
4394,3483
4395,5063
4396,9760
4397,8785
4398,9543
4399,4499
4400,9976
4401,7671
4402,6895
4403,8466
4404,9403
4405,2606
4406,1319
4407,2231
4408,2363
4409,6080
4410,2369
4411,8284
4412,9655
4413,4202
4414,5004
4415,6600
4416,8267
4417,3699
4418,7293
4419,1957
4420,9040
4421,7832
4422,6726
4423,6882
4424,8975
4425,5820
4426,4615
4427,6385
4428,9096
4429,7041
4430,553
4431,5053
4432,9400
4433,3834
4434,7445
4435,7532
4436,2011
4437,4500
4438,6514
4439,78
4440,238
4441,6710
4442,9319
4443,4067
4444,6686
4445,4039
4446,7160
4447,4090
4448,1954
4449,9119
4450,9069
4451,4455
4452,889
4453,2908
4454,6295
4455,7063
4456,8991
4457,8884
4458,5505
4459,1350
4460,5010
4461,2585
4462,2253
4463,18
4464,1949
4465,7805
4466,6356
4467,5204
4468,3570
4469,7310
4470,1920
4471,668
4472,7168
4473,5079
4474,2364
4475,5879
4476,6766
4477,7447
4478,4924
4479,3362
4480,3891
4481,933
4482,8363
4483,3987
4484,8020
4485,4977
4486,3564
4487,1370
4488,5774
4489,498
4490,2434
4491,6239
4492,8526
4493,3290
4494,3009
4495,7464
4496,2479
4497,7333
4498,7305
4499,4678
4500,5488
4501,554
4502,5175
4503,819
4504,2054
4505,9519
4506,5411
4507,2435
4508,3312
4509,5976
4510,4507
4511,1367
4512,505
4513,8076
4514,6283
4515,399
4516,3703
4517,1149
4518,9085
4519,1585
4520,3165
4521,7954
4522,263
4523,1301
4524,5366
4525,1085
4526,7267
4527,4817
4528,984
4529,5231
4530,9932
4531,991
4532,6030
4533,8208
4534,7174
4535,5238
4536,708
4537,1587
4538,2654
4539,8539
4540,7318
4541,8393
4542,9809
4543,5076
4544,5446
4545,1524
4546,7884
4547,67
4548,4248
4549,1590
4550,3186
4551,1488
4552,1910
4553,2667
4554,7298
4555,7749
4556,6358
4557,6588
4558,2854
4559,9451
4560,6937
4561,2630
4562,609
4563,2749
4564,6209
4565,3673
4566,5531
4567,1729
4568,1171
4569,5612
4570,2235
4571,9757
4572,6896
4573,147
4574,5060
4575,5929
4576,6840
4577,2990
4578,6482
4579,406
4580,9507
4581,5522
4582,5591
4583,3600
4584,9066
4585,8765
4586,4028
4587,8522
4588,2356
4589,5566
4590,8246
4591,5819
4592,6239
4593,7810
4594,5038
4595,2325
4596,7062
4597,3157
4598,4298
4599,4612
4600,83
4601,7641
4602,3466
4603,6850
4604,3317
4605,8869
4606,2365
4607,3190
4608,3791
4609,6733
4610,4293
4611,1703
4612,6158
4613,6541
4614,9048
4615,2645
4616,7700
4617,8781
4618,3144
4619,4449
4620,4059
4621,8771
4622,6481
4623,5386
4624,1039
4625,2320
4626,9242
4627,8797
4628,1086
4629,5140
4630,5724
4631,861
4632,7054
4633,4781
4634,3400
4635,8951
4636,6172
4637,3946
4638,1437
4639,7085
4640,4596
4641,7228
4642,7190
4643,3045
4644,2612
4645,9720
4646,2023
4647,9415
4648,5663
4649,6406
4650,9851
4651,2533
4652,1474
4653,9773
4654,4978
4655,2145
4656,3550
4657,6507
4658,8746
4659,7884
4660,1437
4661,20
4662,2137
4663,1604
4664,2539
4665,6144
4666,3881
4667,1789
4668,8966
4669,5527
4670,3653
4671,2235
4672,3236
4673,6661
4674,7203
4675,2880
4676,5660
4677,170
4678,8426
4679,5838
4680,675
4681,1507
4682,9031
4683,7883
4684,5207
4685,4160
4686,4401
4687,9512
4688,3233
4689,9073
4690,7800
4691,729
4692,7481
4693,1989
4694,1610
4695,1674
4696,513
4697,8084
4698,4861
4699,9535
4700,2098
4701,137
4702,2887
4703,7228
4704,7542
4705,9117
4706,4688
4707,7806
4708,3104
4709,8431
4710,4519
4711,3854
4712,3505
4713,5344
4714,665
4715,1039
4716,3084
4717,6388
4718,4992
4719,1481
4720,7688
4721,2625
4722,1843
4723,2146
4724,5252
4725,9038
4726,323
4727,6303
4728,6437
4729,2982
4730,379
4731,1524
4732,4581
4733,6384
4734,4126
4735,2472
4736,8413
4737,54
4738,797
4739,6500
4740,6955
4741,5763
4742,727
4743,4317
4744,5813
4745,9783
4746,1924
4747,4347
4748,8266
4749,6675
4750,414
4751,2850
4752,474
4753,4293
4754,1504
4755,691
4756,8827
4757,3778
4758,2569
4759,6210
4760,1412
4761,2537
4762,7200
4763,1043
4764,9289
4765,2912
4766,8416
4767,2593
4768,403
4769,901
4770,86
4771,212
4772,8620
4773,760
4774,5508
4775,8034
4776,6919
4777,6
4778,4654
4779,3795
4780,5788
4781,117
4782,5335
4783,7639
4784,3071
4785,1732
4786,5558
4787,6808
4788,782
4789,8303
4790,1252
4791,3806
4792,5202
4793,6275
4794,545
4795,8341
4796,5745
4797,2504
4798,7179
4799,2427
4800,8363
4801,169
4802,5337
4803,9432
4804,5945
4805,7305
4806,6071
4807,9550
4808,2529
4809,2377
4810,1176
4811,5868
4812,7388
4813,6260
4814,1624
4815,4187
4816,5323
4817,1496
4818,5531
4819,163
4820,4876
4821,6831
4822,7844
4823,3739
4824,4035
4825,9123
4826,9791
4827,1860
4828,9582
4829,5891
4830,1443
4831,3994
4832,4502
4833,3638
4834,7838
4835,8515
4836,4718
4837,9847
4838,1428
4839,3615
4840,5276
4841,1371
4842,3673
4843,569
4844,7276
4845,7911
4846,461
4847,6047
4848,7274
4849,8921
4850,6742
4851,7301
4852,2652
4853,7154
4854,5973
4855,4224
4856,6392
4857,736
4858,540
4859,852
4860,4847
4861,9031
4862,8005
4863,2104
4864,6366
4865,1865
4866,6576
4867,9380
4868,9750
4869,476
4870,3228
4871,7035
4872,8548
4873,9228
4874,7661
4875,94
4876,6989
4877,3404
4878,2612
4879,4252
4880,61
4881,1816
4882,1089
4883,5672
4884,3764
4885,2479
4886,1704
4887,848
4888,8277
4889,9317
4890,3358
4891,6539
4892,1376
4893,5763
4894,4327
4895,2063
4896,1445
4897,5890
4898,2916
4899,1171
4900,4535
4901,8764
4902,6470
4903,2491
4904,2071
4905,89
4906,5579
4907,1285
4908,5070
4909,6381
4910,4047
4911,8198
4912,154
4913,38
4914,6203
4915,668
4916,1282
4917,9168
4918,9138
4919,67
4920,2566
4921,4814
4922,8196
4923,1245
4924,635
4925,5871
4926,255
4927,7864
4928,1662
4929,1432
4930,9550
4931,5456
4932,3189
4933,2194
4934,9856
4935,2644
4936,1090
4937,7798
4938,8022
4939,1895
4940,7521
4941,6826
4942,4249
4943,4496
4944,8594
4945,9726
4946,2035
4947,8495
4948,5274
4949,4387
4950,6503
4951,4593
4952,7734
4953,4969
4954,8639
4955,4781
4956,3512
4957,2872
4958,1246
4959,7963
4960,5956
4961,888
4962,1586
4963,155
4964,585
4965,1724
4966,2788
4967,9495
4968,8422
4969,4402
4970,401
4971,2073
4972,8640
4973,3751
4974,4014
4975,9137
4976,1240
4977,6824
4978,2325
4979,1715
4980,8711
4981,6642
4982,7796
4983,8088
4984,6428
4985,4221
4986,7698
4987,254
4988,8279
4989,4353
4990,7189
4991,3699
4992,709
4993,4117
4994,5436
4995,2064
4996,376
4997,4713
4998,9016
4999,7664
5000,3067
5001,919
5002,4435
5003,7573
5004,3777
5005,2039
5006,4085
5007,7851
5008,4682
5009,2225
5010,1677
5011,992
5012,3148
5013,6101
5014,7375
5015,2785
5016,639
5017,2891
5018,5777
5019,2976
5020,5044
5021,7861
5022,904
5023,7522
5024,7096
5025,2463
5026,4625
5027,9737
5028,938
5029,6245
5030,5361
5031,8436
5032,847
5033,9576
5034,3322
5035,6145
5036,8041
5037,5374
5038,220
5039,7126
5040,7337
5041,4344
5042,6909
5043,4131
5044,2394
5045,3993
5046,2341
5047,7217
5048,2221
5049,2194
5050,2114
5051,1869
5052,1293
5053,2060
5054,7673
5055,2248
5056,9490
5057,6056
5058,5462
5059,3498
5060,4564
5061,4279
5062,5072
5063,2050
5064,6970
5065,8756
5066,1372
5067,8747
5068,8373
5069,7762
5070,1117
5071,7319
5072,4959
5073,9596
5074,3785
5075,1570
5076,9994
5077,6672
5078,85
5079,5996
5080,4019
5081,3797
5082,932
5083,8042
5084,3087
5085,7449
5086,1743
5087,8854
5088,4601
5089,455
5090,2143
5091,2322
5092,7249
5093,6540
5094,7834
5095,8278
5096,8321
5097,5961
5098,3855
5099,9061
5100,8820
5101,5323
5102,2869
5103,5394
5104,6055
5105,7830
5106,8273
5107,4981
5108,9190
5109,6435
5110,228
5111,3349
5112,761
5113,6702
5114,3910
5115,2953
5116,3207
5117,8051
5118,8557
5119,5662
5120,372
5121,7376
5122,6645
5123,3803
5124,2286
5125,5103
5126,566
5127,5045
5128,4512
5129,9956
5130,2504
5131,2923
5132,8304
5133,4274
5134,2668
5135,5686
5136,6896
5137,5414
5138,7652
5139,5331
5140,677
5141,4957
5142,7530
5143,8484
5144,3146
5145,439
5146,5686
5147,5939
5148,1094
5149,4963
5150,4344
5151,994
5152,6675
5153,8691
5154,5975
5155,5874
5156,7119
5157,9274
5158,579
5159,3931
5160,42
5161,4446
5162,826
5163,8507
5164,3666
5165,2599
5166,2778
5167,228
5168,7592
5169,9642
5170,7598
5171,6139
5172,5656
5173,8331
5174,9380
5175,6735
5176,9171
5177,9891
5178,5291
5179,3188
5180,9440
5181,5326
5182,569
5183,9876
5184,6029
5185,7172
5186,490
5187,1718
5188,5417
5189,1672
5190,8967
5191,2876
5192,4634
5193,6724
5194,6173
5195,553
5196,9818
5197,7818
5198,5498
5199,8388
5200,4905
5201,4743
5202,5167
5203,278
5204,9065
5205,8560
5206,3145
5207,934
5208,6667
5209,8939
5210,7939
5211,9069
5212,9465
5213,2858
5214,2070
5215,1855
5216,482
5217,3212
5218,2984
5219,8942
5220,2670
5221,1683
5222,396
5223,9401
5224,7934
5225,5647
5226,2462
5227,3933
5228,7830
5229,951
5230,3399
5231,4714
5232,5834
5233,1918
5234,3698
5235,3452
5236,8308
5237,5223
5238,3146
5239,5182
5240,3472
5241,1590
5242,4186
5243,3210
5244,1128
5245,3304
5246,1220
5247,8016
5248,7341
5249,630
5250,4369
5251,2218
5252,5736
5253,4595
5254,5951
5255,4922
5256,6489
5257,9077
5258,5776
5259,3789
5260,3980
5261,5835
5262,3013
5263,2352
5264,6611
5265,2701
5266,4143
5267,5079
5268,5217
5269,888
5270,4689
5271,857
5272,7175
5273,3431
5274,4824
5275,236
5276,347
5277,472
5278,8438
5279,4740
5280,9325
5281,8633
5282,4506
5283,4122
5284,9881
5285,1619
5286,7432
5287,9627
5288,1215
5289,6807
5290,4509
5291,8877
5292,1334
5293,1002
5294,5168
5295,3194
5296,6180
5297,6440
5298,4420
5299,4699
5300,977
5301,9233
5302,8194
5303,9156
5304,8427
5305,3788
5306,9445
5307,573
5308,9532
5309,5026
5310,9105
5311,3978
5312,6851
5313,1753
5314,256
5315,3771
5316,2978
5317,1913
5318,83
5319,886
5320,6950
5321,2563
5322,3932
5323,9943
5324,5228
5325,6997
5326,5018
5327,8485
5328,8936
5329,6522
5330,414
5331,8134
5332,2054
5333,7932
5334,9924
5335,5036
5336,8597
5337,9811
5338,9991
5339,8286
5340,7218
5341,5843
5342,9623
5343,8183
5344,2663
5345,6793
5346,3747
5347,1015
5348,1009
5349,1487
5350,9977
5351,2827
5352,2221
5353,854
5354,7299
5355,3322
5356,1199
5357,3950
5358,5037
5359,7687
5360,4427
5361,996
5362,5622
5363,7964
5364,270
5365,6414
5366,4857
5367,3867
5368,3086
5369,7717
5370,3755
5371,8624
5372,714
5373,2088
5374,9454
5375,8771
5376,9307
5377,7784
5378,9643
5379,2052
5380,9132
5381,4100
5382,581
5383,4353
5384,9803
5385,1359
5386,6389
5387,6418
5388,1227
5389,3414
5390,7584
5391,3873
5392,844
5393,5253
5394,7962
5395,1520
5396,2508
5397,1352
5398,8071
5399,947
5400,7119
5401,4728
5402,2352
5403,9933
5404,65
5405,7429
5406,8181
5407,948
5408,4612
5409,5770
5410,7259
5411,3247
5412,4819
5413,8318
5414,9141
5415,2504
5416,7706
5417,7048
5418,4201
5419,49
5420,6152
5421,9896
5422,2869
5423,4437
5424,3114
5425,7005
5426,4450
5427,4339
5428,6284
5429,8458
5430,2713
5431,3803
5432,2019
5433,4223
5434,9349
5435,7051
5436,5160
5437,402
5438,2186
5439,973
5440,4713
5441,8920
5442,8055
5443,7645
5444,5130
5445,1547
5446,2662
5447,3344
5448,2772
5449,5783
5450,4501
5451,5924
5452,152
5453,6710
5454,4788
5455,1607
5456,619
5457,2592
5458,6100
5459,6556
5460,4968
5461,4052
5462,2946
5463,770
5464,7578
5465,7374
5466,4829
5467,6244
5468,5286
5469,7297
5470,3898
5471,3674
5472,4751
5473,2261
5474,9749
5475,4595
5476,4190
5477,5154
5478,7772
5479,7806
5480,9545
5481,8560
5482,574
5483,4964
5484,4476
5485,1755
5486,4723
5487,3746
5488,4793
5489,9236
5490,4452
5491,4406
5492,1749
5493,9400
5494,6587
5495,6904
5496,5036
5497,227
5498,9572
5499,4097
5500,8530
5501,6853
5502,8005
5503,7624
5504,6610
5505,3534
5506,2292
5507,2307
5508,731
5509,1250
5510,1223
5511,5895
5512,3949
5513,3228
5514,6936
5515,6641
5516,9905
5517,6217
5518,8776
5519,4076
5520,1180
5521,9825
5522,506
5523,6075
5524,5791
5525,3919
5526,6587
5527,6074
5528,3453
5529,5944
5530,9524
5531,7032
5532,4008
5533,8470
5534,5827
5535,7253
5536,630
5537,6938
5538,9806
5539,2801
5540,4513
5541,8028
5542,3385
5543,7533
5544,993
5545,2259
5546,9986
5547,634
5548,8548
5549,4867
5550,5601
5551,5912
5552,5050
5553,7120
5554,3366
5555,6954
5556,2983
5557,8971
5558,2324
5559,6521
5560,1406
5561,5671
5562,8335
5563,1114
5564,8241
5565,6334
5566,1877
5567,4058
5568,1665
5569,2339
5570,7665
5571,6564
5572,6523
5573,8559
5574,9002
5575,7243
5576,5286
5577,1059
5578,6605
5579,1991
5580,7341
5581,9437
5582,9897
5583,5103
5584,4579
5585,2930
5586,3427
5587,6677
5588,5969
5589,3090
5590,9550
5591,8009
5592,9430
5593,7750
5594,9693
5595,3191
5596,9266
5597,3994
5598,8486
5599,5508
5600,2391
5601,1659
5602,3867
5603,4523
5604,4257
5605,1663
5606,9401
5607,8874
5608,1991
5609,9587
5610,5332
5611,3532
5612,9078
5613,8102
5614,5396
5615,9779
5616,7883
5617,5938
5618,6000
5619,5085
5620,5078
5621,4828
5622,9028
5623,1235
5624,8477
5625,5042
5626,9946
5627,3856
5628,7752
5629,167
5630,8946
5631,4609
5632,9298
5633,8672
5634,6419
5635,7943
5636,5976
5637,1478
5638,1679
5639,175
5640,9543
5641,9134
5642,6347
5643,8255
5644,3306
5645,8202
5646,6879
5647,7985
5648,7197
5649,4593
5650,6295
5651,3837
5652,5997
5653,1835
5654,3563
5655,3201
5656,8041
5657,3580
5658,228
5659,6322
5660,4876
5661,4137
5662,6338
5663,4534
5664,229
5665,2919
5666,5737
5667,6797
5668,8605
5669,7696
5670,4371
5671,5534
5672,948
5673,4794
5674,9806
5675,30
5676,350
5677,1908
5678,1874
5679,2749
5680,2701
5681,9432
5682,6024
5683,8924
5684,1039
5685,9274
5686,1456
5687,330
5688,9379
5689,5595
5690,8970
5691,995
5692,9588
5693,2365
5694,4074
5695,9154
5696,2665
5697,1482
5698,9100
5699,2475
5700,1229
5701,2671
5702,7597
5703,3546
5704,1193
5705,3023
5706,4026
5707,7527
5708,646
5709,7913
5710,1727
5711,6445
5712,2940
5713,1722
5714,4038
5715,1494
5716,9459
5717,4347
5718,7097
5719,7198
5720,6402
5721,4942
5722,2374
5723,4117
5724,4815
5725,5887
5726,186
5727,8807
5728,6011
5729,3776
5730,5267
5731,2543
5732,3240
5733,9040
5734,3051
5735,530
5736,5031
5737,133
5738,9969
5739,311
5740,5759
5741,4161
5742,6930
5743,9867
5744,8739
5745,7852
5746,4303
5747,2823
5748,3557
5749,1116
5750,517
5751,2906
5752,6549
5753,1403
5754,4290
5755,4944
5756,1839
5757,8097
5758,7336
5759,6922
5760,4731
5761,4118
5762,742
5763,2864
5764,2065
5765,9592
5766,6981
5767,5844
5768,8460
5769,3559
5770,4057
5771,3455
5772,8014
5773,8037
5774,6415
5775,7292
5776,2989
5777,6419
5778,6407
5779,3545
5780,9011
5781,1227
5782,6911
5783,6761
5784,6732
5785,8636
5786,904
5787,4599
5788,9647
5789,9341
5790,6903
5791,1383
5792,4283
5793,339
5794,9049
5795,4294
5796,4355
5797,1649
5798,660
5799,7669
5800,3027
5801,147
5802,6233
5803,9382
5804,898
5805,9159
5806,6601
5807,5189
5808,2200
5809,7417
5810,2622
5811,1153
5812,147
5813,5078
5814,9628
5815,8456
5816,2612
5817,7899
5818,1059
5819,5820
5820,3980
5821,9935
5822,6224
5823,6803
5824,2340
5825,4117
5826,1788
5827,2317
5828,5314
5829,8747
5830,7727
5831,937
5832,2101
5833,1610
5834,5343
5835,8089
5836,3404
5837,8130
5838,7477
5839,1165
5840,7902
5841,2552
5842,2952
5843,1425
5844,6798
5845,4020
5846,5588
5847,3022
5848,7914
5849,6387
5850,6913
5851,9957
5852,9999
5853,9444
5854,5694
5855,2652
5856,4813
5857,3087
5858,5889
5859,5519
5860,5943
5861,2927
5862,4748
5863,9910
5864,542
5865,8221
5866,7085
5867,7382
5868,8589
5869,4012
5870,2278
5871,2826
5872,7350
5873,965
5874,7749
5875,3718
5876,395
5877,4756
5878,90
5879,4517
5880,1208
5881,7528
5882,6059
5883,7123
5884,4806
5885,3339
5886,6281
5887,6105
5888,6828
5889,2692
5890,3616
5891,3655
5892,3728
5893,8403
5894,888
5895,4900
5896,992
5897,5671
5898,6711
5899,5955
5900,7485
5901,4068
5902,1904
5903,6798
5904,6309
5905,317
5906,3213
5907,9247
5908,9725
5909,2995
5910,2708
5911,9356
5912,2079
5913,1796
5914,8168
5915,6864
5916,5121
5917,471
5918,5468
5919,7772
5920,2959
5921,4386
5922,8175
5923,4346
5924,4159
5925,5729
5926,6280
5927,6558
5928,8839
5929,7185
5930,5061
5931,9510
5932,7148
5933,5121
5934,8162
5935,188
5936,6463
5937,926
5938,2268
5939,7447
5940,222
5941,174
5942,1304
5943,8367
5944,5426
5945,4585
5946,8810
5947,5555
5948,295
5949,176
5950,8710
5951,6377
5952,9771
5953,8677
5954,5970
5955,1237
5956,4534
5957,5157
5958,499
5959,9074
5960,8254
5961,6540
5962,1227
5963,9523
5964,8414
5965,655
5966,127
5967,1644
5968,3489
5969,24
5970,2029
5971,294
5972,1726
5973,847
5974,5729
5975,2555
5976,3764
5977,8564
5978,6395
5979,7820
5980,6000
5981,3096
5982,2053
5983,3519
5984,4143
5985,4212
5986,239
5987,8486
5988,4524
5989,6680
5990,4831
5991,2073
5992,6689
5993,6608
5994,8607
5995,9702
5996,4188
5997,8213
5998,3289
5999,1695
6000,3568
6001,6233
6002,5605
6003,3506
6004,9194
6005,1131
6006,2570
6007,5851
6008,7846
6009,5488
6010,410
6011,1204
6012,7137
6013,3811
6014,8450
6015,2400
6016,1363
6017,7546
6018,5460
6019,7047
6020,2203
6021,4964
6022,9296
6023,6136
6024,317
6025,5914
6026,1404
6027,3401
6028,8667
6029,3542
6030,6260
6031,7289
6032,1629
6033,4798
6034,9125
6035,7254
6036,6737
6037,1456
6038,7352
6039,5219
6040,9768
6041,7921
6042,4684
6043,6062
6044,5174
6045,1076
6046,8207
6047,6895
6048,7093
6049,5468
6050,3199
6051,9925
6052,9827
6053,7357
6054,6456
6055,4028
6056,8974
6057,2291
6058,240
6059,6619
6060,8687
6061,4166
6062,6583
6063,4001
6064,3348
6065,5908
6066,7553
6067,1161
6068,3498
6069,171
6070,9885
6071,2097
6072,3072
6073,5713
6074,7399
6075,9796
6076,9308
6077,694
6078,7581
6079,8661
6080,1541
6081,3506
6082,7771
6083,141
6084,7956
6085,1778
6086,9568
6087,2011
6088,150
6089,5599
6090,5545
6091,2151
6092,1842
6093,575
6094,197
6095,7462
6096,7952
6097,5270
6098,874
6099,1314
6100,73
6101,3870
6102,3501
6103,1624
6104,7847
6105,1433
6106,1204
6107,6196
6108,1966
6109,8871
6110,6948
6111,5655
6112,3440
6113,1151
6114,5876
6115,5895
6116,8946
6117,8295
6118,7184
6119,8156
6120,3243
6121,5681
6122,4393
6123,1212
6124,9258
6125,2022
6126,8830
6127,3010
6128,887
6129,3097
6130,1096
6131,5322
6132,4737
6133,9654
6134,6423
6135,8438
6136,1440
6137,8870
6138,759
6139,4424
6140,2698
6141,1775
6142,7318
6143,8539
6144,5833
6145,7687
6146,728
6147,9223
6148,2443
6149,3255
6150,7966
6151,3872
6152,3558
6153,7218
6154,1978
6155,7621
6156,9002
6157,903
6158,7382
6159,2508
6160,702
6161,6942
6162,4118
6163,247
6164,6867
6165,4113
6166,7255
6167,2544
6168,6118
6169,342
6170,8782
6171,4409
6172,1516
6173,7241
6174,8357
6175,9161
6176,2722
6177,3264
6178,4649
6179,2224
6180,677
6181,4066
6182,3506
6183,542
6184,403
6185,7831
6186,5359
6187,5491
6188,5454
6189,1772
6190,6556
6191,4067
6192,6215
6193,3015
6194,7088
6195,7329
6196,980
6197,7910
6198,9546
6199,6629
6200,9979
6201,491
6202,8561
6203,6180
6204,3093
6205,4376
6206,586
6207,6219
6208,1727
6209,3866
6210,2672
6211,8067
6212,6474
6213,2654
6214,2046
6215,7577
6216,1979
6217,6928
6218,8144
6219,5535
6220,8952
6221,2523
6222,7966
6223,5772
6224,1680
6225,2433
6226,8198
6227,5423
6228,6731
6229,3011
6230,2782
6231,9836
6232,4462
6233,1350
6234,4288
6235,9478
6236,8091
6237,8081
6238,7295
6239,6470
6240,2310
6241,5695
6242,9103
6243,9490
6244,1012
6245,7110
6246,2242
6247,9880
6248,4900
6249,5490
6250,2236
6251,108
6252,3975
6253,5286
6254,2195
6255,4738
6256,1319
6257,7593
6258,7120
6259,9964
6260,3123
6261,3359
6262,6415
6263,6644
6264,1656
6265,7752
6266,5865
6267,9258
6268,7597
6269,8862
6270,9326
6271,5891
6272,4731
6273,2582
6274,763
6275,3477
6276,5269
6277,7879
6278,7020
6279,6210
6280,786
6281,4814
6282,5323
6283,9114
6284,7450
6285,2411
6286,3510
6287,3091
6288,5452
6289,2201
6290,364
6291,7068
6292,6061
6293,5308
6294,31
6295,8957
6296,2520
6297,5186
6298,1155
6299,7930
6300,8396
6301,1439
6302,1603
6303,2499
6304,8832
6305,9981
6306,4136
6307,94
6308,2800
6309,7878
6310,4159
6311,1711
6312,1094
6313,3790
6314,650
6315,3897
6316,7189
6317,5612
6318,8123
6319,4930
6320,1120
6321,3299
6322,4101
6323,4491
6324,6293
6325,4133
6326,8561
6327,4660
6328,1916
6329,4240
6330,3853
6331,6122
6332,9176
6333,8907
6334,3637
6335,9187
6336,7400
6337,5160
6338,9806
6339,7430
6340,7591
6341,1521
6342,6744
6343,160
6344,7025
6345,9790
6346,452
6347,3646
6348,5754
6349,9202
6350,9085
6351,7054
6352,3953
6353,2809
6354,1067
6355,1276
6356,9640
6357,6735
6358,3348
6359,5883
6360,2802
6361,6161
6362,42
6363,8957
6364,5888
6365,3925
6366,2744
6367,7766
6368,4706
6369,6763
6370,9339
6371,1205
6372,2770
6373,3181
6374,8657
6375,4452
6376,4779
6377,199
6378,3882
6379,2528
6380,7476
6381,4109
6382,6508
6383,5286
6384,2254
6385,4406
6386,1515
6387,3750
6388,8744
6389,3299
6390,3332
6391,8291
6392,6020
6393,5489
6394,398
6395,5901
6396,7020
6397,8069
6398,5912
6399,8790
6400,3875
6401,4045
6402,8466
6403,51
6404,4765
6405,98
6406,2858
6407,7918
6408,902
6409,4115
6410,3820
6411,6984
6412,3979
6413,2583
6414,9592
6415,4691
6416,2746
6417,3197
6418,4811
6419,6922
6420,6094
6421,8046
6422,9127
6423,6585
6424,2137
6425,2847
6426,5591
6427,704
6428,9788
6429,2928
6430,9317
6431,8978
6432,5892
6433,1209
6434,9461
6435,314
6436,8658
6437,149
6438,2365
6439,27
6440,4131
6441,2564
6442,1056
6443,3473
6444,4846
6445,8422
6446,870
6447,5270
6448,6145
6449,5974
6450,854
6451,6501
6452,7429
6453,6438
6454,3296
6455,307
6456,8876
6457,112
6458,3489
6459,7621
6460,5085
6461,4996
6462,3167
6463,1706
6464,8883
6465,2352
6466,3538
6467,5636
6468,6367
6469,3405
6470,8588
6471,2794
6472,8399
6473,3336
6474,7876
6475,3155
6476,7277
6477,364
6478,8865
6479,9949
6480,5487
6481,2323
6482,5302
6483,1784
6484,1095
6485,9621
6486,9280
6487,3954
6488,6652
6489,6401
6490,115
6491,7330
6492,850
6493,826
6494,1205
6495,3564
6496,6953
6497,1511
6498,9242
6499,7554
6500,4344
6501,5780
6502,8735
6503,6341
6504,4395
6505,2262
6506,9402
6507,3252
6508,2567
6509,2547
6510,180
6511,8875
6512,8213
6513,6848
6514,4881
6515,3495
6516,1801
6517,3960
6518,1123
6519,7149
6520,62
6521,3658
6522,375
6523,3662
6524,3825
6525,8275
6526,5674
6527,7345
6528,9732
6529,4560
6530,403
6531,7839
6532,9555
6533,7575
6534,5437
6535,1980
6536,5365
6537,2671
6538,9526
6539,1647
6540,9867
6541,2757
6542,445
6543,4307
6544,4131
6545,8318
6546,326
6547,1326
6548,9934
6549,1253
6550,1357
6551,6928
6552,9356
6553,682
6554,3360
6555,2830
6556,7048
6557,3592
6558,3469
6559,6085
6560,2016
6561,579
6562,8766
6563,8090
6564,2770
6565,6051
6566,352
6567,367
6568,7834
6569,8004
6570,8910
6571,6069
6572,8461
6573,5514
6574,2148
6575,884
6576,7240
6577,2622
6578,9844
6579,5620
6580,3659
6581,1909
6582,8124
6583,8945
6584,8320
6585,6087
6586,4566
6587,9218
6588,3265
6589,4682
6590,1370
6591,2494
6592,320
6593,703
6594,2925
6595,4984
6596,5103
6597,777
6598,8827
6599,6939
6600,1091
6601,5590
6602,9712
6603,7485
6604,3436
6605,8524
6606,4351
6607,7688
6608,3900
6609,5299
6610,5966
6611,3077
6612,2489
6613,1624
6614,1068
6615,370
6616,5188
6617,2313
6618,4339
6619,5780
6620,7906
6621,3779
6622,5565
6623,2041
6624,1985
6625,7778
6626,7874
6627,2942
6628,7813
6629,9220
6630,7629
6631,5381
6632,7563
6633,5541
6634,6811
6635,5595
6636,7582
6637,2557
6638,9552
6639,4891
6640,3005
6641,4179
6642,3785
6643,788
6644,2841
6645,1462
6646,3315
6647,3651
6648,4679
6649,1616
6650,9521
6651,8452
6652,3085
6653,9406
6654,2686
6655,8129
6656,9369
6657,6536
6658,4668
6659,1410
6660,8002
6661,2263
6662,7317
6663,4510
6664,3944
6665,7891
6666,4876
6667,7642
6668,2086
6669,7608
6670,3120
6671,5421
6672,6896
6673,7675
6674,1279
6675,2200
6676,2603
6677,8657
6678,979
6679,9157
6680,671
6681,5085
6682,6423
6683,199
6684,3050
6685,79
6686,66
6687,4647
6688,4142
6689,6544
6690,5612
6691,7815
6692,6678
6693,6955
6694,4376
6695,2345
6696,3217
6697,1496
6698,7246
6699,5622
6700,2233
6701,6046
6702,7562
6703,1193
6704,2039
6705,7878
6706,2898
6707,1447
6708,5099
6709,522
6710,3666
6711,7558
6712,6395
6713,6578
6714,9794
6715,8661
6716,5738
6717,6272
6718,9385
6719,6771
6720,7755
6721,482
6722,3122
6723,1957
6724,7581
6725,9605
6726,3112
6727,6708
6728,5254
6729,8264
6730,8011
6731,4469
6732,9807
6733,7560
6734,7193
6735,3188
6736,479
6737,6706
6738,1228
6739,3855
6740,3025
6741,7669
6742,2810
6743,8925
6744,6575
6745,4969
6746,1861
6747,553
6748,2223
6749,2729
6750,5403
6751,6081
6752,729
6753,8413
6754,3062
6755,5170
6756,336
6757,729
6758,2895
6759,3423
6760,1612
6761,5359
6762,8059
6763,1601
6764,7067
6765,1580
6766,9520
6767,3755
6768,3455
6769,8392
6770,3071
6771,9525
6772,3654
6773,4966
6774,8938
6775,3923
6776,858
6777,206
6778,6775
6779,2034
6780,6180
6781,5043
6782,7184
6783,8310
6784,8366
6785,5608
6786,9322
6787,1829
6788,5956
6789,34
6790,3155
6791,9455
6792,5275
6793,5396
6794,2318
6795,7471
6796,9199
6797,540
6798,1316
6799,3362
6800,4536
6801,7290
6802,9794
6803,2590
6804,3189
6805,8983
6806,5916
6807,1123
6808,5239
6809,4977
6810,6588
6811,8814
6812,5762
6813,5652
6814,4790
6815,4447
6816,9208
6817,1195
6818,3256
6819,1953
6820,5821
6821,7384
6822,899
6823,6825
6824,7777
6825,9825
6826,5921
6827,3564
6828,3386
6829,8398
6830,7062
6831,7113
6832,3839
6833,8058
6834,5076
6835,2031
6836,9443
6837,3855
6838,311
6839,4767
6840,1992
6841,8011
6842,6391
6843,2037
6844,3225
6845,4484
6846,9445
6847,4388
6848,8071
6849,3035
6850,4670
6851,9973
6852,871
6853,2947
6854,9967
6855,723
6856,4035
6857,6729
6858,4787
6859,75
6860,7864
6861,6574
6862,4732
6863,5160
6864,438
6865,4319
6866,9357
6867,798
6868,2154
6869,6311
6870,1447
6871,9618
6872,4179
6873,6848
6874,7767
6875,7989
6876,5330
6877,1953
6878,8957
6879,9853
6880,8947
6881,5643
6882,961
6883,6274
6884,3644
6885,8702
6886,9045
6887,7914
6888,5114
6889,2013
6890,1612
6891,5267
6892,3970
6893,2915
6894,8347
6895,9241
6896,3446
6897,1980
6898,6474
6899,3030
6900,455
6901,3829
6902,2574
6903,3733
6904,5029
6905,9241
6906,8380
6907,6871
6908,4321
6909,4689
6910,9075
6911,1895
6912,7832
6913,803
6914,7501
6915,5687
6916,8780
6917,9290
6918,3742
6919,8055
6920,1359
6921,216
6922,4158
6923,4695
6924,6073
6925,6607
6926,7414
6927,3342
6928,312
6929,5970
6930,2514
6931,727
6932,2339
6933,5870
6934,5061
6935,307
6936,482
6937,2717
6938,4950
6939,3255
6940,2262
6941,2085
6942,1165
6943,2020
6944,8836
6945,1169
6946,6718
6947,6510
6948,7467
6949,7854
6950,8638
6951,5037
6952,7396
6953,1182
6954,3641
6955,9866
6956,2925
6957,4336
6958,1263
6959,2009
6960,8867
6961,6083
6962,5252
6963,4995
6964,1893
6965,1562
6966,9139
6967,9559
6968,6699
6969,3125
6970,1998
6971,386
6972,5538
6973,2669
6974,4169
6975,1809
6976,6369
6977,9142
6978,6309
6979,6520
6980,496
6981,6751
6982,3244
6983,5445
6984,7538
6985,4948
6986,2169
6987,1293
6988,3306
6989,895
6990,5967
6991,6465
6992,9828
6993,8315
6994,951
6995,2204
6996,3908
6997,7483
6998,2413
6999,8494
7000,3876
7001,5318
7002,827
7003,1137
7004,7078
7005,6275
7006,6354
7007,6410
7008,1383
7009,1577
7010,3441
7011,3673
7012,9912
7013,5441
7014,4242
7015,553
7016,7531
7017,1556
7018,5626
7019,1059
7020,2068
7021,1187
7022,4216
7023,9921
7024,3692
7025,9911
7026,599
7027,3151
7028,3917
7029,7504
7030,345
7031,4372
7032,1024
7033,6383
7034,2750
7035,4402
7036,7447
7037,9974
7038,1156
7039,967
7040,4524
7041,1982
7042,3630
7043,8182
7044,9302
7045,7946
7046,3166
7047,3173
7048,7624
7049,9861
7050,4276
7051,9162
7052,2593
7053,9353
7054,5509
7055,281
7056,9031
7057,456
7058,7762
7059,433
7060,8957
7061,2301
7062,1561
7063,6660
7064,7547
7065,9253
7066,3142
7067,3307
7068,1238
7069,922
7070,8668
7071,1940
7072,6320
7073,467
7074,7554
7075,9797
7076,5465
7077,9738
7078,4496
7079,6681
7080,2906
7081,3931
7082,4430
7083,9104
7084,693
7085,9548
7086,6454
7087,1777
7088,2274
7089,3576
7090,3034
7091,6369
7092,1329
7093,3398
7094,4807
7095,1742
7096,9613
7097,9666
7098,6353
7099,3083
7100,5742
7101,3980
7102,1126
7103,4991
7104,959
7105,7877
7106,7736
7107,3713
7108,3703
7109,9956
7110,1490
7111,4524
7112,6558
7113,3899
7114,8429
7115,9360
7116,4557
7117,9187
7118,6701
7119,4450
7120,2692
7121,1673
7122,3316
7123,3014
7124,7029
7125,9392
7126,5006
7127,529
7128,965
7129,1927
7130,4006
7131,3836
7132,1088
7133,5064
7134,7156
7135,3102
7136,8332
7137,6384
7138,3855
7139,4827
7140,514
7141,9681
7142,3031
7143,5306
7144,3502
7145,6701
7146,4958
7147,4894
7148,1606
7149,8511
7150,5308
7151,2900
7152,7939
7153,8744
7154,9707
7155,3100
7156,265
7157,5684
7158,1359
7159,6749
7160,3661
7161,5652
7162,1160
7163,9057
7164,5666
7165,5034
7166,4057
7167,2647
7168,4701
7169,3151
7170,9000
7171,6237
7172,7482
7173,8331
7174,6701
7175,9632
7176,663
7177,5257
7178,2393
7179,7708
7180,7547
7181,7429
7182,4419
7183,3749
7184,743
7185,9404
7186,662
7187,5407
7188,4767
7189,365
7190,8828
7191,7718
7192,7175
7193,1901
7194,6473
7195,9064
7196,5560
7197,7445
7198,3439
7199,4534
7200,484
7201,9924
7202,5535
7203,3857
7204,9507
7205,2444
7206,9110
7207,1996
7208,5097
7209,7448
7210,1669
7211,9053
7212,9283
7213,7494
7214,4675
7215,3269
7216,5695
7217,9414
7218,5773
7219,2054
7220,7051
7221,8735
7222,9293
7223,4603
7224,5234
7225,8118
7226,9113
7227,3117
7228,8579
7229,5952
7230,3304
7231,1077
7232,3046
7233,9824
7234,2660
7235,106
7236,8065
7237,659
7238,6190
7239,6556
7240,1806
7241,2196
7242,124
7243,3407
7244,7202
7245,2562
7246,8471
7247,9434
7248,8099
7249,4500
7250,4579
7251,6547
7252,7297
7253,692
7254,3106
7255,275
7256,4397
7257,3768
7258,7669
7259,8805
7260,6634
7261,7329
7262,8551
7263,571
7264,8436
7265,4109
7266,2567
7267,111
7268,8741
7269,6309
7270,3774
7271,8848
7272,195
7273,5811
7274,6384
7275,6280
7276,7629
7277,3072
7278,9170
7279,6945
7280,5345
7281,682
7282,4145
7283,147
7284,5664
7285,8876
7286,4053
7287,4820
7288,541
7289,6488
7290,5539
7291,2632
7292,6466
7293,5797
7294,3029
7295,3559
7296,2904
7297,5915
7298,3511
7299,4435
7300,7410
7301,8889
7302,6785
7303,9823
7304,4788
7305,4820
7306,9406
7307,3128
7308,8178
7309,3067
7310,3060
7311,4168
7312,9079
7313,7268
7314,3333
7315,938
7316,7618
7317,8241
7318,5402
7319,4217
7320,3231
7321,9816
7322,817
7323,2915
7324,6369
7325,2434
7326,4393
7327,9752
7328,7176
7329,2254
7330,9059
7331,2711
7332,4841
7333,6958
7334,914
7335,3563
7336,5606
7337,2401
7338,5695
7339,9926
7340,185
7341,5507
7342,6184
7343,7344
7344,1352
7345,1902
7346,1124
7347,793
7348,3841
7349,693
7350,3081
7351,9669
7352,5248
7353,7376
7354,9569
7355,6307
7356,973
7357,6291
7358,4299
7359,9201
7360,8060
7361,4061
7362,9410
7363,6230
7364,4573
7365,9702
7366,626
7367,1366
7368,8845
7369,5850
7370,2912
7371,7256
7372,6569
7373,1604
7374,5479
7375,5788
7376,4500
7377,9789
7378,5611
7379,6619
7380,5184
7381,6750
7382,6994
7383,8480
7384,6348
7385,504
7386,1617
7387,7739
7388,1932
7389,9575
7390,5761
7391,3614
7392,8313
7393,4475
7394,3267
7395,992
7396,656
7397,6152
7398,4367
7399,8091
7400,5151
7401,7649
7402,2562
7403,9401
7404,7668
7405,178
7406,2679
7407,4107
7408,2146
7409,2572
7410,1170
7411,7319
7412,6102
7413,2382
7414,4391
7415,6626
7416,5476
7417,9962
7418,2907
7419,5024
7420,1271
7421,5573
7422,937
7423,1183
7424,2166
7425,3974
7426,3253
7427,2609
7428,1034
7429,5835
7430,3094
7431,7506
7432,1100
7433,6876
7434,3774
7435,9643
7436,5961
7437,8784
7438,5670
7439,2578
7440,8017
7441,7248
7442,704
7443,408
7444,9502
7445,1964
7446,1853
7447,6733
7448,2775
7449,455
7450,7199
7451,8649
7452,3841
7453,7104
7454,8463
7455,6766
7456,9455
7457,424
7458,2241
7459,1067
7460,8415
7461,9796
7462,2938
7463,1677
7464,6814
7465,9841
7466,5592
7467,4145
7468,2105
7469,6128
7470,3686
7471,9208
7472,9174
7473,9063
7474,8460
7475,3471
7476,5062
7477,1261
7478,3654
7479,4257
7480,3767
7481,4786
7482,4611
7483,8051
7484,8973
7485,1983
7486,9961
7487,6822
7488,8333
7489,9956
7490,3743
7491,3009
7492,7554
7493,1199
7494,4850
7495,5889
7496,8494
7497,3764
7498,3564
7499,2091
7500,1027
7501,4783
7502,8844
7503,3001
7504,8147
7505,1515
7506,7609
7507,6561
7508,5703
7509,6903
7510,5875
7511,2037
7512,348
7513,7298
7514,9130
7515,3880
7516,9697
7517,8489
7518,9175
7519,3357
7520,8730
7521,2149
7522,2391
7523,415
7524,133
7525,5145
7526,5921
7527,6019
7528,7594
7529,4411
7530,2466
7531,9863
7532,9911
7533,3282
7534,574
7535,288
7536,5943
7537,5203
7538,5946
7539,2706
7540,7425
7541,8593
7542,9207
7543,7720
7544,6261
7545,5409
7546,5249
7547,2157
7548,6253
7549,3773
7550,9169
7551,4508
7552,8745
7553,7496
7554,4434
7555,5154
7556,3883
7557,7078
7558,8825
7559,8178
7560,6928
7561,5007
7562,8539
7563,8256
7564,8248
7565,338
7566,4447
7567,2318
7568,8125
7569,4586
7570,4762
7571,7187
7572,1518
7573,7724
7574,6639
7575,9526
7576,8055
7577,5814
7578,2225
7579,7901
7580,128
7581,2872
7582,9047
7583,8211
7584,6369
7585,5178
7586,5409
7587,5798
7588,8706
7589,9430
7590,8318
7591,7092
7592,7521
7593,6526
7594,2201
7595,8832
7596,6006
7597,6393
7598,6032
7599,8174
7600,9247
7601,7245
7602,5082
7603,4895
7604,6064
7605,8802
7606,8267
7607,9384
7608,6458
7609,6593
7610,6538
7611,2534
7612,9269
7613,8638
7614,631
7615,2574
7616,6142
7617,1841
7618,7762
7619,5715
7620,2457
7621,5003
7622,7593
7623,5771
7624,9269
7625,5724
7626,5875
7627,7297
7628,5949
7629,7849
7630,492
7631,2144
7632,3668
7633,4908
7634,5139
7635,7507
7636,8703
7637,4470
7638,150
7639,8156
7640,2043
7641,9643
7642,5764
7643,973
7644,5502
7645,7678
7646,5753
7647,384
7648,6298
7649,3207
7650,7020
7651,2911
7652,7231
7653,6472
7654,6732
7655,8926
7656,7020
7657,6454
7658,2378
7659,4189
7660,5853
7661,4665
7662,4796
7663,6912
7664,6109
7665,8768
7666,7632
7667,4749
7668,9913
7669,3484
7670,9230
7671,8058
7672,3657
7673,3840
7674,9497
7675,2627
7676,8715
7677,6085
7678,704
7679,1954
7680,3921
7681,630
7682,4196
7683,5648
7684,9360
7685,3510
7686,7026
7687,8881
7688,721
7689,1197
7690,3551
7691,1715
7692,6843
7693,6634
7694,2173
7695,4625
7696,8080
7697,954
7698,3526
7699,7362
7700,9987
7701,5745
7702,1484
7703,4380
7704,7839
7705,3039
7706,729
7707,3257
7708,8774
7709,2621
7710,6884
7711,4864
7712,1450
7713,2119
7714,2385
7715,7146
7716,2354
7717,2919
7718,6484
7719,1561
7720,5035
7721,5286
7722,2477
7723,4879
7724,7241
7725,6289
7726,2441
7727,2862
7728,4523
7729,9680
7730,2222
7731,878
7732,7129
7733,8696
7734,1996
7735,6845
7736,5227
7737,5413
7738,4905
7739,9516
7740,6987
7741,113
7742,7438
7743,1928
7744,5161
7745,635
7746,1669
7747,2146
7748,7565
7749,5940
7750,3917
7751,9859
7752,9529
7753,6509
7754,7400
7755,2111
7756,3526
7757,3234
7758,532
7759,2576
7760,2874
7761,8992
7762,29
7763,5149
7764,7632
7765,7553
7766,6299
7767,2498
7768,5679
7769,6171
7770,650
7771,3900
7772,1431
7773,8211
7774,7957
7775,5441
7776,3975
7777,7700
7778,8623
7779,1611
7780,5686
7781,1907
7782,5820
7783,7344
7784,5227
7785,8055
7786,3602
7787,4803
7788,7303
7789,3415
7790,1443
7791,3944
7792,5078
7793,3029
7794,5526
7795,5836
7796,2350
7797,8212
7798,1598
7799,7674
7800,97
7801,5929
7802,8451
7803,4160
7804,981
7805,6540
7806,9418
7807,7216
7808,3617
7809,5387
7810,4229
7811,3546
7812,503
7813,9847
7814,7237
7815,4479
7816,1218
7817,5050
7818,8742
7819,5089
7820,6351
7821,2370
7822,290
7823,6569
7824,3405
7825,5848
7826,2925
7827,8925
7828,7453
7829,6324
7830,164
7831,8185
7832,1396
7833,6986
7834,3254
7835,7899
7836,2287
7837,6525
7838,2215
7839,8704
7840,9387
7841,1196
7842,7663
7843,5807
7844,7305
7845,4100
7846,3095
7847,8153
7848,536
7849,1228
7850,6785
7851,4818
7852,1445
7853,500
7854,7680
7855,697
7856,7468
7857,7585
7858,4669
7859,1547
7860,2841
7861,3409
7862,3246
7863,801
7864,7339
7865,7505
7866,7309
7867,588
7868,1209
7869,6311
7870,8108
7871,204
7872,9412
7873,7167
7874,7665
7875,5468
7876,6689
7877,6600
7878,2653
7879,690
7880,9880
7881,1635
7882,6050
7883,5370
7884,9535
7885,9032
7886,5306
7887,3435
7888,4612
7889,5206
7890,14
7891,1936
7892,3735
7893,6549
7894,7990
7895,5156
7896,2452
7897,848
7898,6262
7899,9400
7900,5131
7901,9609
7902,8164
7903,5026
7904,347
7905,6363
7906,8219
7907,2578
7908,3118
7909,7067
7910,8672
7911,5496
7912,7445
7913,36
7914,6988
7915,1605
7916,5447
7917,3873
7918,9720
7919,6059
7920,1399
7921,2125
7922,122
7923,9486
7924,9456
7925,5411
7926,1414
7927,5828
7928,3061
7929,5875
7930,3089
7931,5943
7932,8448
7933,2332
7934,1570
7935,6210
7936,9032
7937,8499
7938,8800
7939,6200
7940,5488
7941,97
7942,259
7943,815
7944,6401
7945,7528
7946,5367
7947,7726
7948,2064
7949,1491
7950,9001
7951,1226
7952,2527
7953,8409
7954,3376
7955,3555
7956,6800
7957,6587
7958,6122
7959,3291
7960,8489
7961,3233
7962,3897
7963,4046
7964,6054
7965,2120
7966,5749
7967,5005
7968,6578
7969,390
7970,8650
7971,3520
7972,1655
7973,6536
7974,9302
7975,4541
7976,1503
7977,8345
7978,3667
7979,2427
7980,8431
7981,5273
7982,3261
7983,3403
7984,2706
7985,5886
7986,6871
7987,1517
7988,9656
7989,2361
7990,4556
7991,1986
7992,5657
7993,5173
7994,5870
7995,1716
7996,2641
7997,5411
7998,655
7999,8521
8000,2539
8001,6215
8002,6992
8003,126
8004,5919
8005,1090
8006,4312
8007,4698
8008,6864
8009,7681
8010,682
8011,8060
8012,3074
8013,9955
8014,5865
8015,1134
8016,7796
8017,7052
8018,5794
8019,7261
8020,3231
8021,9678
8022,4650
8023,6890
8024,355
8025,5032
8026,8389
8027,686
8028,5944
8029,8337
8030,4638
8031,6834
8032,9189
8033,6095
8034,2089
8035,6614
8036,2304
8037,9555
8038,1456
8039,4939
8040,8884
8041,7197
8042,248
8043,5382
8044,2634
8045,1888
8046,1783
8047,8661
8048,4899
8049,1010
8050,9260
8051,6205
8052,9952
8053,6871
8054,5960
8055,9376
8056,1836
8057,5436
8058,6428
8059,7286
8060,9586
8061,4184
8062,5224
8063,2576
8064,8603
8065,1748
8066,7384
8067,1725
8068,7085
8069,5379
8070,5018
8071,2603
8072,8093
8073,9639
8074,1080
8075,4338
8076,2930
8077,4046
8078,793
8079,2641
8080,669
8081,1273
8082,6348
8083,1188
8084,9208
8085,787
8086,9945
8087,125
8088,4820
8089,2872
8090,1940
8091,3264
8092,4519
8093,9003
8094,5507
8095,1804
8096,8750
8097,4069
8098,2620
8099,6736
8100,7744
8101,4291
8102,5901
8103,7352
8104,8781
8105,2581
8106,596
8107,396
8108,794
8109,5106
8110,8070
8111,66
8112,208
8113,9400
8114,6130
8115,5279
8116,8322
8117,1186
8118,9208
8119,7322
8120,6930
8121,6339
8122,8538
8123,4552
8124,771
8125,9028
8126,1895
8127,3232
8128,6769
8129,442
8130,5481
8131,178
8132,7829
8133,1168
8134,9426
8135,2345
8136,8348
8137,8611
8138,1527
8139,2203
8140,7457
8141,9726
8142,9932
8143,5735
8144,1444
8145,2970
8146,5862
8147,9695
8148,3409
8149,6128
8150,6545
8151,101
8152,1299
8153,4496
8154,7492
8155,7727
8156,7600
8157,2048
8158,9520
8159,7526
8160,801
8161,3093
8162,7932
8163,3940
8164,3746
8165,4332
8166,5641
8167,1078
8168,3368
8169,6032
8170,4045
8171,8385
8172,9018
8173,9325
8174,1832
8175,3910
8176,4280
8177,2909
8178,1617
8179,3818
8180,2683
8181,7165
8182,6349
8183,2652
8184,9526
8185,4064
8186,2528
8187,1428
8188,3185
8189,6852
8190,7180
8191,138
8192,4739
8193,9627
8194,151
8195,6282
8196,8067
8197,291
8198,6908
8199,3302
8200,2720
8201,7422
8202,9832
8203,546
8204,9639
8205,8604
8206,2734
8207,4057
8208,2550
8209,5836
8210,6382
8211,7233
8212,6129
8213,4518
8214,8918
8215,1938
8216,3406
8217,4029
8218,3384
8219,5296
8220,3233
8221,6171
8222,1041
8223,5173
8224,7795
8225,6935
8226,8794
8227,4042
8228,9590
8229,6756
8230,9023
8231,7919
8232,303
8233,2989
8234,5111
8235,5756
8236,3337
8237,8642
8238,9275
8239,4592
8240,6878
8241,9220
8242,486
8243,8313
8244,2681
8245,9284
8246,6274
8247,2036
8248,7308
8249,3681
8250,8830
8251,3854
8252,8515
8253,3420
8254,6386
8255,5873
8256,7582
8257,7544
8258,1647
8259,5639
8260,2311
8261,5860
8262,3674
8263,8462
8264,1698
8265,9809
8266,4638
8267,7627
8268,2337
8269,790
8270,8248
8271,7493
8272,9156
8273,7107
8274,7777
8275,6894
8276,5656
8277,2084
8278,9103
8279,8820
8280,8318
8281,2389
8282,2052
8283,8259
8284,9244
8285,110
8286,8586
8287,8652
8288,3072
8289,4700
8290,9825
8291,2456
8292,8451
8293,727
8294,7629
8295,3663
8296,1002
8297,8553
8298,1144
8299,2575
8300,8777
8301,9168
8302,8404
8303,9259
8304,4252
8305,587
8306,8627
8307,9285
8308,7584
8309,127
8310,262
8311,2372
8312,2006
8313,6395
8314,7087
8315,7554
8316,4173
8317,1474
8318,5948
8319,6229
8320,2510
8321,2171
8322,8035
8323,4260
8324,4145
8325,1937
8326,6463
8327,32
8328,6365
8329,3468
8330,384
8331,1161
8332,476
8333,1811
8334,2193
8335,9481
8336,571
8337,7479
8338,3161
8339,1048
8340,4479
8341,7018
8342,5887
8343,3799
8344,8462
8345,7094
8346,4837
8347,3786
8348,2573
8349,806
8350,2780
8351,9098
8352,3436
8353,6716
8354,7407
8355,314
8356,1306
8357,7754
8358,4640
8359,194
8360,7472
8361,9480
8362,5342
8363,6693
8364,4876
8365,9459
8366,3666
8367,2527
8368,8495
8369,701
8370,345
8371,1057
8372,4589
8373,457
8374,4344
8375,4810
8376,5342
8377,8890
8378,8447
8379,6898
8380,7093
8381,6046
8382,6496
8383,8588
8384,3300
8385,4966
8386,587
8387,585
8388,4328
8389,3171
8390,3607
8391,9016
8392,6424
8393,5757
8394,2766
8395,3558
8396,4943
8397,1688
8398,5546
8399,2788
8400,129
8401,2283
8402,2013
8403,9484
8404,7948
8405,5744
8406,9186
8407,8951
8408,6671
8409,6595
8410,7302
8411,6694
8412,817
8413,1858
8414,8642
8415,7377
8416,9412
8417,9329
8418,646
8419,4602
8420,5397
8421,1040
8422,292
8423,9900
8424,7892
8425,558
8426,2670
8427,1119
8428,7017
8429,7562
8430,7226
8431,4963
8432,9678
8433,3960
8434,9751
8435,4273
8436,3706
8437,1516
8438,8323
8439,8178
8440,4245
8441,5009
8442,5532
8443,6995
8444,5261
8445,3319
8446,7485
8447,6692
8448,8991
8449,1855
8450,2762
8451,1197
8452,3558
8453,914
8454,7635
8455,3568
8456,111
8457,7093
8458,9579
8459,1747
8460,7302
8461,8537
8462,5865
8463,3129
8464,8832
8465,6476
8466,415
8467,115
8468,4141
8469,1436
8470,3393
8471,6934
8472,1302
8473,8453
8474,6983
8475,9120
8476,1587
8477,9164
8478,3541
8479,1241
8480,9920
8481,8522
8482,3256
8483,2213
8484,1182
8485,7872
8486,3211
8487,9741
8488,7743
8489,9227
8490,9455
8491,8932
8492,1153
8493,9776
8494,9767
8495,3850
8496,8606
8497,78
8498,3752
8499,2155
8500,9135
8501,8951
8502,4676
8503,1680
8504,6403
8505,6654
8506,7750
8507,6772
8508,602
8509,4693
8510,7873
8511,9739
8512,6545
8513,7089
8514,5330
8515,5226
8516,3666
8517,9904
8518,5723
8519,5149
8520,5189
8521,9443
8522,4038
8523,5249
8524,5735
8525,85
8526,3825
8527,391
8528,8567
8529,5411
8530,7265
8531,2299
8532,5868
8533,4475
8534,700
8535,6717
8536,8137
8537,3708
8538,732
8539,5646
8540,7211
8541,8594
8542,5
8543,2420
8544,7168
8545,7805
8546,992
8547,9235
8548,8973
8549,9061
8550,906
8551,4840
8552,1247
8553,3980
8554,1340
8555,8460
8556,6688
8557,9847
8558,2084
8559,2577
8560,8321
8561,6930
8562,6682
8563,3756
8564,9431
8565,8654
8566,7110
8567,6133
8568,8458
8569,8358
8570,3877
8571,9254
8572,9190
8573,9832
8574,5416
8575,1123
8576,6023
8577,1269
8578,4217
8579,9623
8580,5260
8581,8961
8582,9727
8583,8670
8584,9190
8585,9154
8586,550
8587,9761
8588,8490
8589,4715
8590,1661
8591,7822
8592,4791
8593,8657
8594,1655
8595,8782
8596,4128
8597,7171
8598,7490
8599,8158
8600,1201
8601,1887
8602,6578
8603,2
8604,6142
8605,6714
8606,2271
8607,256
8608,2073
8609,7936
8610,8143
8611,2916
8612,1294
8613,1893
8614,3139
8615,2369
8616,8872
8617,6247
8618,9261
8619,132
8620,6504
8621,1578
8622,1438
8623,1
8624,8977
8625,5735
8626,8002
8627,5202
8628,461
8629,2877
8630,7746
8631,4793
8632,1783
8633,9604
8634,8626
8635,5090
8636,5072
8637,2807
8638,5988
8639,1744
8640,7345
8641,967
8642,8946
8643,6035
8644,6784
8645,6689
8646,223
8647,881
8648,7218
8649,5275
8650,5844
8651,1453
8652,7307
8653,114
8654,8819
8655,9147
8656,5894
8657,6478
8658,2483
8659,9499
8660,955
8661,3
8662,4394
8663,4013
8664,5909
8665,4565
8666,6939
8667,3835
8668,1536
8669,4675
8670,2067
8671,3761
8672,581
8673,9249
8674,2091
8675,3188
8676,4555
8677,3356
8678,8987
8679,2109
8680,3294
8681,2506
8682,3294
8683,3753
8684,3230
8685,4258
8686,9641
8687,6414
8688,8897
8689,5163
8690,1108
8691,1424
8692,6953
8693,1832
8694,3487
8695,3806
8696,3052
8697,7624
8698,9073
8699,5838
8700,7577
8701,4318
8702,7930
8703,4320
8704,2733
8705,4919
8706,6404
8707,6860
8708,5411
8709,9179
8710,1859
8711,1858
8712,1070
8713,2514
8714,2159
8715,238
8716,5471
8717,9144
8718,770
8719,2993
8720,797
8721,5873
8722,5876
8723,3696
8724,3366
8725,310
8726,2988
8727,3675
8728,359
8729,3941
8730,4509
8731,7739
8732,9722
8733,7900
8734,8173
8735,7922
8736,2645
8737,3300
8738,5369
8739,1695
8740,1397
8741,1213
8742,2024
8743,6287
8744,3131
8745,1021
8746,6140
8747,8669
8748,409
8749,6451
8750,4828
8751,7778
8752,7251
8753,9231
8754,5884
8755,4632
8756,9945
8757,5474
8758,4260
8759,9229
8760,1392
8761,9991
8762,6024
8763,6027
8764,9762
8765,8248
8766,510
8767,3352
8768,8122
8769,232
8770,9979
8771,7535
8772,1358
8773,877
8774,2103
8775,497
8776,8863
8777,3749
8778,1579
8779,4751
8780,7969
8781,8162
8782,6435
8783,4565
8784,9732
8785,5512
8786,290
8787,7636
8788,6552
8789,4197
8790,3009
8791,9639
8792,538
8793,4873
8794,3331
8795,6782
8796,6143
8797,6357
8798,3153
8799,9727
8800,2457
8801,1097
8802,754
8803,8834
8804,3153
8805,4623
8806,4987
8807,2621
8808,8454
8809,4899
8810,2990
8811,9558
8812,3009
8813,30
8814,265
8815,4440
8816,6151
8817,9602
8818,9424
8819,1151
8820,5293
8821,8258
8822,2509
8823,7933
8824,7568
8825,2277
8826,7150
8827,4784
8828,5981
8829,2262
8830,194
8831,7819
8832,3043
8833,167
8834,8531
8835,4343
8836,426
8837,9219
8838,6508
8839,6695
8840,5202
8841,1648
8842,839
8843,3851
8844,1295
8845,9920
8846,9279
8847,8889
8848,1108
8849,6121
8850,1794
8851,9130
8852,9343
8853,4464
8854,274
8855,4229
8856,8267
8857,348
8858,7724
8859,186
8860,7425
8861,1634
8862,5191
8863,9573
8864,6622
8865,4665
8866,7701
8867,3945
8868,1459
8869,15
8870,5038
8871,3429
8872,3130
8873,2803
8874,2870
8875,69
8876,2009
8877,4923
8878,5194
8879,6448
8880,9667
8881,8412
8882,6498
8883,8776
8884,7812
8885,4874
8886,5185
8887,9734
8888,7429
8889,9396
8890,780
8891,5520
8892,5469
8893,9910
8894,6277
8895,6749
8896,647
8897,3021
8898,5145
8899,374
8900,5402
8901,2863
8902,8979
8903,4836
8904,7219
8905,7410
8906,351
8907,4362
8908,4139
8909,7741
8910,1892
8911,4861
8912,9895
8913,3962
8914,9705
8915,816
8916,3935
8917,5240
8918,1711
8919,3423
8920,2368
8921,6521
8922,7639
8923,909
8924,622
8925,6531
8926,5109
8927,8505
8928,5524
8929,7207
8930,3850
8931,8753
8932,7799
8933,9508
8934,3215
8935,3164
8936,5126
8937,3725
8938,8128
8939,534
8940,3445
8941,878
8942,5911
8943,4181
8944,1507
8945,5540
8946,1456
8947,805
8948,2627
8949,6317
8950,429
8951,5932
8952,3369
8953,3269
8954,6218
8955,8071
8956,5328
8957,7943
8958,8733
8959,3007
8960,9896
8961,6627
8962,2432
8963,1654
8964,4439
8965,8086
8966,9145
8967,330
8968,5328
8969,7997
8970,128
8971,413
8972,9531
8973,7275
8974,6407
8975,8521
8976,8904
8977,4278
8978,752
8979,8573
8980,8199
8981,2750
8982,75
8983,1736
8984,6486
8985,2938
8986,4063
8987,7006
8988,2711
8989,1873
8990,3565
8991,6843
8992,5029
8993,3386
8994,9041
8995,7962
8996,7787
8997,359
8998,8370
8999,7774
9000,6026
9001,1608
9002,3296
9003,9148
9004,1506
9005,3560
9006,746
9007,3086
9008,6685
9009,389
9010,8825
9011,9215
9012,4308
9013,9026
9014,3104
9015,1000
9016,90
9017,3357
9018,8131
9019,8853
9020,5271
9021,7334
9022,9938
9023,5660
9024,2896
9025,3318
9026,8078
9027,8428
9028,7085
9029,3802
9030,8041
9031,9750
9032,4178
9033,1589
9034,6539
9035,7487
9036,2450
9037,632
9038,3364
9039,8954
9040,2338
9041,755
9042,2366
9043,604
9044,3520
9045,725
9046,1863
9047,9526
9048,8551
9049,5882
9050,1778
9051,917
9052,8713
9053,1608
9054,1306
9055,2230
9056,9862
9057,2791
9058,4731
9059,5372
9060,4479
9061,5486
9062,2647
9063,8295
9064,1303
9065,238
9066,9704
9067,1649
9068,2366
9069,5045
9070,1146
9071,3483
9072,8993
9073,6588
9074,6072
9075,769
9076,9676
9077,5913
9078,4209
9079,6178
9080,4512
9081,9514
9082,2298
9083,5843
9084,6261
9085,5254
9086,1488
9087,1694
9088,8434
9089,9014
9090,3114
9091,8476
9092,3470
9093,7295
9094,8574
9095,637
9096,4197
9097,1393
9098,7361
9099,6189
9100,2398
9101,2014
9102,6363
9103,3592
9104,8392
9105,1319
9106,6917
9107,272
9108,7842
9109,5172
9110,5626
9111,5381
9112,6539
9113,9216
9114,4919
9115,1671
9116,4986
9117,8095
9118,6111
9119,4519
9120,8757
9121,8865
9122,6460
9123,8366
9124,943
9125,7021
9126,8522
9127,7163
9128,8180
9129,3933
9130,6583
9131,4068
9132,5281
9133,4564
9134,7861
9135,4576
9136,3494
9137,855
9138,8229
9139,204
9140,4988
9141,8100
9142,5041
9143,6382
9144,4962
9145,6203
9146,3232
9147,7608
9148,1446
9149,7665
9150,8251
9151,2898
9152,7648
9153,5616
9154,7717
9155,2733
9156,765
9157,6006
9158,943
9159,1801
9160,6431
9161,7112
9162,453
9163,4182
9164,4715
9165,2862
9166,6324
9167,4172
9168,6116
9169,3874
9170,6886
9171,3578
9172,7092
9173,625
9174,5216
9175,1446
9176,3560
9177,2773
9178,5558
9179,6862
9180,1827
9181,1667
9182,5069
9183,8738
9184,9221
9185,900
9186,830
9187,7451
9188,7285
9189,1638
9190,7670
9191,3832
9192,4328
9193,632
9194,8690
9195,9869
9196,3939
9197,1493
9198,8845
9199,6979
9200,462
9201,311
9202,5322
9203,1319
9204,4465
9205,6088
9206,3730
9207,3241
9208,3392
9209,2783
9210,9234
9211,1588
9212,5689
9213,8616
9214,9014
9215,4149
9216,8422
9217,8545
9218,6827
9219,5626
9220,2899
9221,6277
9222,2518
9223,9834
9224,8989
9225,8420
9226,5942
9227,5375
9228,3241
9229,604
9230,3584
9231,5517
9232,5115
9233,7003
9234,5683
9235,9906
9236,2346
9237,4541
9238,8553
9239,3021
9240,6146
9241,8895
9242,7683
9243,7386
9244,9736
9245,2705
9246,9198
9247,758
9248,927
9249,8245
9250,5051
9251,545
9252,6161
9253,5117
9254,9234
9255,8488
9256,4659
9257,3052
9258,1852
9259,6270
9260,726
9261,3764
9262,9890
9263,2320
9264,2512
9265,9531
9266,7784
9267,9178
9268,8399
9269,4415
9270,4952
9271,5901
9272,4367
9273,7702
9274,9836
9275,9250
9276,9017
9277,1837
9278,4440
9279,5963
9280,8730
9281,5538
9282,6108
9283,7737
9284,9803
9285,2415
9286,826
9287,3110
9288,2928
9289,4448
9290,2789
9291,3772
9292,761
9293,173
9294,1625
9295,6257
9296,9110
9297,5376
9298,6864
9299,8155
9300,2298
9301,8359
9302,5960
9303,5654
9304,5304
9305,9869
9306,869
9307,7801
9308,2755
9309,5979
9310,2283
9311,6195
9312,8233
9313,3781
9314,120
9315,9429
9316,3743
9317,9427
9318,8294
9319,3111
9320,1356
9321,1820
9322,8192
9323,9187
9324,2484
9325,3733
9326,130
9327,1117
9328,4136
9329,9721
9330,9399
9331,9931
9332,7839
9333,3021
9334,728
9335,9265
9336,2715
9337,4847
9338,4946
9339,6545
9340,1736
9341,8656
9342,7311
9343,955
9344,8036
9345,3781
9346,7241
9347,1937
9348,6790
9349,6145
9350,7488
9351,162
9352,2827
9353,5170
9354,9325
9355,747
9356,1611
9357,6445
9358,1602
9359,8204
9360,7912
9361,3113
9362,3814
9363,3348
9364,7550
9365,8242
9366,720
9367,4454
9368,2900
9369,7606
9370,4718
9371,3008
9372,3372
9373,9560
9374,9779
9375,5065
9376,7802
9377,6554
9378,1580
9379,9145
9380,5181
9381,409
9382,7292
9383,7855
9384,7701
9385,7579
9386,5568
9387,6510
9388,6714
9389,7231
9390,4207
9391,6722
9392,8650
9393,1231
9394,9869
9395,7175
9396,8387
9397,4796
9398,9629
9399,1426
9400,9413
9401,3632
9402,7187
9403,3421
9404,908
9405,5833
9406,5212
9407,8963
9408,3341
9409,852
9410,9482
9411,9151
9412,442
9413,1300
9414,4806
9415,1009
9416,4798
9417,5412
9418,3172
9419,5384
9420,7331
9421,236
9422,9738
9423,3350
9424,7298
9425,4397
9426,2051
9427,7102
9428,6520
9429,7709
9430,7889
9431,3998
9432,6085
9433,7759
9434,8443
9435,5007
9436,1688
9437,6952
9438,9819
9439,3278
9440,4480
9441,2212
9442,2137
9443,6132
9444,1899
9445,5937
9446,1542
9447,6256
9448,2335
9449,140
9450,7801
9451,6276
9452,9377
9453,462
9454,3142
9455,7981
9456,7545
9457,2103
9458,561
9459,3814
9460,8447
9461,5844
9462,1205
9463,884
9464,6577
9465,5930
9466,9847
9467,8712
9468,6280
9469,3352
9470,1966
9471,869
9472,7342
9473,1629
9474,2838
9475,1499
9476,7694
9477,5594
9478,1093
9479,3863
9480,240
9481,9956
9482,3764
9483,6036
9484,7734
9485,1195
9486,1101
9487,1292
9488,150
9489,8715
9490,9986
9491,4117
9492,3570
9493,9377
9494,9053
9495,9586
9496,6801
9497,1500
9498,3063
9499,1892
9500,760
9501,8471
9502,7946
9503,7183
9504,2275
9505,2521
9506,1465
9507,2898
9508,8495
9509,1407
9510,8539
9511,7953
9512,9424
9513,9443
9514,3058
9515,411
9516,5438
9517,8156
9518,6697
9519,5365
9520,4226
9521,7897
9522,1169
9523,370
9524,1849
9525,5129
9526,8997
9527,6175
9528,6462
9529,6554
9530,4241
9531,8856
9532,1355
9533,4389
9534,3125
9535,6128
9536,1267
9537,6899
9538,6738
9539,787
9540,6044
9541,8559
9542,8052
9543,6095
9544,8972
9545,943
9546,6680
9547,9302
9548,1686
9549,6393
9550,5468
9551,4168
9552,6699
9553,4961
9554,3108
9555,4976
9556,6472
9557,5411
9558,1499
9559,857
9560,954
9561,3626
9562,2492
9563,190
9564,9558
9565,1818
9566,8693
9567,6165
9568,8474
9569,3235
9570,9216
9571,2251
9572,6492
9573,2853
9574,8245
9575,778
9576,4380
9577,6082
9578,5357
9579,7599
9580,8239
9581,3997
9582,4870
9583,8865
9584,8537
9585,6371
9586,9076
9587,9490
9588,2867
9589,1010
9590,4190
9591,8316
9592,514
9593,6719
9594,9105
9595,8468
9596,4645
9597,4904
9598,1251
9599,526
9600,4417
9601,2052
9602,1720
9603,376
9604,1951
9605,6265
9606,3439
9607,4939
9608,6913
9609,9320
9610,9168
9611,1645
9612,2252
9613,6652
9614,5954
9615,2148
9616,4961
9617,4071
9618,7154
9619,3807
9620,7126
9621,4074
9622,6514
9623,1851
9624,9110
9625,9716
9626,5034
9627,3762
9628,4895
9629,2583
9630,2873
9631,6876
9632,3927
9633,4231
9634,5477
9635,6190
9636,8532
9637,7984
9638,9868
9639,3210
9640,8995
9641,6103
9642,8729
9643,9847
9644,7920
9645,5419
9646,8718
9647,8932
9648,1044
9649,9734
9650,912
9651,8948
9652,650
9653,2577
9654,8143
9655,7028
9656,8404
9657,7013
9658,5520
9659,3494
9660,1874
9661,5310
9662,4027
9663,4886
9664,4185
9665,2427
9666,3487
9667,7529
9668,9921
9669,6144
9670,1196
9671,1415
9672,5358
9673,3836
9674,6161
9675,8920
9676,1882
9677,4322
9678,2892
9679,7382
9680,3397
9681,6707
9682,7235
9683,8846
9684,2329
9685,5366
9686,4994
9687,3432
9688,3337
9689,7719
9690,9639
9691,5451
9692,5495
9693,397
9694,2151
9695,4120
9696,5676
9697,7738
9698,6396
9699,1040
9700,2091
9701,3180
9702,9252
9703,8934
9704,3944
9705,2867
9706,5795
9707,3059
9708,5122
9709,9884
9710,8462
9711,7607
9712,5008
9713,1233
9714,7438
9715,492
9716,9318
9717,4545
9718,3782
9719,1707
9720,7439
9721,8320
9722,3341
9723,7401
9724,5204
9725,9123
9726,3448
9727,9247
9728,5757
9729,4018
9730,6997
9731,8469
9732,267
9733,3325
9734,8373
9735,6067
9736,4697
9737,8030
9738,1628
9739,7795
9740,3241
9741,8746
9742,9261
9743,4687
9744,1285
9745,1953
9746,9413
9747,1881
9748,4987
9749,800
9750,9534
9751,4076
9752,2487
9753,2816
9754,5589
9755,6714
9756,3940
9757,8250
9758,3667
9759,5192
9760,2205
9761,1581
9762,1782
9763,2737
9764,8204
9765,8222
9766,532
9767,8882
9768,9265
9769,1350
9770,9800
9771,6843
9772,4499
9773,1109
9774,9694
9775,1296
9776,4846
9777,1528
9778,1516
9779,9927
9780,2306
9781,6421
9782,5032
9783,9772
9784,398
9785,8463
9786,6113
9787,5707
9788,8058
9789,2469
9790,8414
9791,8576
9792,6016
9793,3539
9794,9147
9795,3393
9796,307
9797,7202
9798,1483
9799,194
9800,2706
9801,9632
9802,4218
9803,2590
9804,9051
9805,8132
9806,1407
9807,1870
9808,8186
9809,2492
9810,6758
9811,8933
9812,9813
9813,3002
9814,1653
9815,4228
9816,3693
9817,8530
9818,5492
9819,270
9820,790
9821,8397
9822,4896
9823,7781
9824,1872
9825,6840
9826,63
9827,1733
9828,7173
9829,3172
9830,8015
9831,3506
9832,2238
9833,5372
9834,9108
9835,7559
9836,6598
9837,1670
9838,1106
9839,7848
9840,1776
9841,2457
9842,9845
9843,6919
9844,408
9845,5255
9846,4957
9847,9962
9848,5787
9849,7180
9850,9039
9851,2126
9852,7866
9853,3120
9854,9399
9855,7593
9856,7005
9857,3149
9858,5747
9859,2589
9860,814
9861,9519
9862,1444
9863,9212
9864,8424
9865,721
9866,537
9867,7047
9868,4290
9869,1848
9870,5087
9871,1867
9872,5603
9873,8399
9874,9550
9875,7679
9876,5417
9877,4296
9878,536
9879,6348
9880,7069
9881,7850
9882,6969
9883,4108
9884,614
9885,1545
9886,1363
9887,3756
9888,7759
9889,385
9890,9291
9891,1419
9892,4103
9893,510
9894,3344
9895,1322
9896,9082
9897,7043
9898,2014
9899,8565
9900,4686
9901,3007
9902,5433
9903,9971
9904,152
9905,4461
9906,8237
9907,1957
9908,6299
9909,3871
9910,5759
9911,3109
9912,6864
9913,9933
9914,789
9915,1542
9916,798
9917,4313
9918,9524
9919,9271
9920,7081
9921,871
9922,6329
9923,3908
9924,3171
9925,7118
9926,9747
9927,4602
9928,281
9929,9234
9930,5239
9931,4954
9932,7711
9933,7061
9934,9649
9935,7850
9936,6099
9937,872
9938,6865
9939,1343
9940,882
9941,2176
9942,6787
9943,7969
9944,6776
9945,1781
9946,6823
9947,7449
9948,9487
9949,3153
9950,8111
9951,1345
9952,409
9953,9690
9954,8444
9955,5058
9956,6904
9957,6011
9958,6330
9959,2592
9960,336
9961,3772
9962,5974
9963,9411
9964,6305
9965,6781
9966,4581
9967,4797
9968,7611
9969,6807
9970,5104
9971,448
9972,9294
9973,4437
9974,548
9975,8339
9976,449
9977,9555
9978,5274
9979,4882
9980,8431
9981,2811
9982,7066
9983,6298
9984,5293
9985,271
9986,3823
9987,3107
9988,759
9989,6781
9990,3851
9991,3788
9992,2388
9993,3848
9994,886
9995,2300
9996,5016
9997,7944
9998,3371
9999,5143
